names,date_x,score,genre,overview,crew,orig_title,status,orig_lang,budget_x,revenue,country,data_editada,data,elenco_lista
Twilight,12/11/2008 ,63.0,"Fantasy, Drama, Romance","When Bella Swan moves to a small town in the Pacific Northwest, she falls in love with Edward Cullen, a mysterious classmate who reveals himself to be a 108-year-old vampire. Despite Edward's repeated cautions, Bella can't stay away from him, a fatal move that endangers her own life.","Kristen Stewart, Bella Swan, Robert Pattinson, Edward Cullen, Billy Burke, Charlie Swan, Peter Facinelli, Dr. Carlisle Cullen, Elizabeth Reaser, Esme Cullen, Cam Gigandet, James, Ashley Greene, Alice Cullen, Anna Kendrick, Jessica, Nikki Reed, Rosalie",Twilight, Released,English,37000000.0,402278564.0,AU,12/11/2008,2008-12-11,"['Kristen Stewart', 'Bella Swan', 'Robert Pattinson', 'Edward Cullen', 'Billy Burke', 'Charlie Swan', 'Peter Facinelli', 'Dr. Carlisle Cullen', 'Elizabeth Reaser', 'Esme Cullen', 'Cam Gigandet', 'James', 'Ashley Greene', 'Alice Cullen', 'Anna Kendrick', 'Jessica', 'Nikki Reed', 'Rosalie']"
Twilight,12/11/2008 ,63.0,"Fantasy, Drama, Romance","When Bella Swan moves to a small town in the Pacific Northwest, she falls in love with Edward Cullen, a mysterious classmate who reveals himself to be a 108-year-old vampire. Despite Edward's repeated cautions, Bella can't stay away from him, a fatal move that endangers her own life.","Kristen Stewart, Bella Swan, Robert Pattinson, Edward Cullen, Billy Burke, Charlie Swan, Peter Facinelli, Dr. Carlisle Cullen, Elizabeth Reaser, Esme Cullen, Cam Gigandet, James, Ashley Greene, Alice Cullen, Anna Kendrick, Jessica, Nikki Reed, Rosalie",Twilight, Released,English,20000000.0,15055091.0,AU,12/11/2008,2008-12-11,"['Kristen Stewart', 'Bella Swan', 'Robert Pattinson', 'Edward Cullen', 'Billy Burke', 'Charlie Swan', 'Peter Facinelli', 'Dr. Carlisle Cullen', 'Elizabeth Reaser', 'Esme Cullen', 'Cam Gigandet', 'James', 'Ashley Greene', 'Alice Cullen', 'Anna Kendrick', 'Jessica', 'Nikki Reed', 'Rosalie']"
I Am Legend,01/03/2008 ,72.0,"Drama, Science Fiction, Thriller","Robert Neville is a scientist who was unable to stop the spread of the terrible virus that was incurable and man-made. Immune, Neville is now the last human survivor in what is left of New York City and perhaps the world. For three years, Neville has faithfully sent out daily radio messages, desperate to find any other survivors who might be out there. But he is not alone.","Will Smith, Robert Neville, Alice Braga, Anna Montez, Charlie Tahan, Ethan, Dash Mihok, Alpha Male, Salli Richardson-Whitfield, Zoe Neville, Willow Smith, Marley Neville, Emma Thompson, Dr. Alice Krippin, Darrell Foster, Mike - Military Escort, Joanna Numata, Alpha Female",I Am Legend, Released,English,150000000.0,585410052.0,AU,01/03/2008,2008-01-03,"['Will Smith', 'Robert Neville', 'Alice Braga', 'Anna Montez', 'Charlie Tahan', 'Ethan', 'Dash Mihok', 'Alpha Male', 'Salli Richardson-Whitfield', 'Zoe Neville', 'Willow Smith', 'Marley Neville', 'Emma Thompson', 'Dr. Alice Krippin', 'Darrell Foster', 'Mike - Military Escort', 'Joanna Numata', 'Alpha Female']"
The Dark Knight,07/16/2008 ,85.0,"Drama, Action, Crime, Thriller","Batman raises the stakes in his war on crime. With the help of Lt. Jim Gordon and District Attorney Harvey Dent, Batman sets out to dismantle the remaining criminal organizations that plague the streets. The partnership proves to be effective, but they soon find themselves prey to a reign of chaos unleashed by a rising criminal mastermind known to the terrified citizens of Gotham as the Joker.","Christian Bale, Bruce Wayne / Batman, Heath Ledger, Joker, Michael Caine, Alfred Pennyworth, Gary Oldman, James Gordon, Aaron Eckhart, Harvey Dent / Two-Face, Maggie Gyllenhaal, Rachel Dawes, Morgan Freeman, Lucius Fox, Nestor Carbonell, Anthony Garcia, Monique Gabriela Curnen, Anna Ramirez",The Dark Knight, Released,English,185000000.0,1006234167.0,AU,07/16/2008,2008-07-16,"['Christian Bale', 'Bruce Wayne / Batman', 'Heath Ledger', 'Joker', 'Michael Caine', 'Alfred Pennyworth', 'Gary Oldman', 'James Gordon', 'Aaron Eckhart', 'Harvey Dent / Two-Face', 'Maggie Gyllenhaal', 'Rachel Dawes', 'Morgan Freeman', 'Lucius Fox', 'Nestor Carbonell', 'Anthony Garcia', 'Monique Gabriela Curnen', 'Anna Ramirez']"
Kung Fu Panda,06/26/2008 ,72.0,"Action, Adventure, Animation, Family, Comedy","When the Valley of Peace is threatened, lazy Po the panda discovers his destiny as the ""chosen one"" and trains to become a kung fu hero, but transforming the unsleek slacker into a brave warrior won't be easy. It's up to Master Shifu and the Furious Five -- Tigress, Crane, Mantis, Viper and Monkey -- to give it a try.","Jack Black, Po (voice), Dustin Hoffman, Shifu (voice), Angelina Jolie, Master Tigress (voice), Jackie Chan, Master Monkey (voice), Lucy Liu, Master Viper (voice), Seth Rogen, Mantis (voice), David Cross, Crane (voice), Ian McShane, Tai Lung (voice), Randall Duk Kim, Oogway (voice)",Kung Fu Panda, Released,English,130000000.0,631910531.0,AU,06/26/2008,2008-06-26,"['Jack Black', 'Po (voice)', 'Dustin Hoffman', 'Shifu (voice)', 'Angelina Jolie', 'Master Tigress (voice)', 'Jackie Chan', 'Master Monkey (voice)', 'Lucy Liu', 'Master Viper (voice)', 'Seth Rogen', 'Mantis (voice)', 'David Cross', 'Crane (voice)', 'Ian McShane', 'Tai Lung (voice)', 'Randall Duk Kim', 'Oogway (voice)']"
The Man from Earth,09/16/2008 ,76.0,"Science Fiction, Drama","An impromptu goodbye party for Professor John Oldman becomes a mysterious interrogation after the retiring scholar reveals to his colleagues he never ages and has walked the earth for 14,000 years.","David Lee Smith, John Oldman, Tony Todd, Dan, John Billingsley, Harry, Ellen Crawford, Edith, Annika Peterson, Sandy, Alexis Thorpe, Linda Murphy, William Katt, Art, Richard Riehle, Dr. Will Gruber, Steven Littles, Moving Man #1",The Man from Earth, Released,English,200000.0,58992776.8,AU,09/16/2008,2008-09-16,"['David Lee Smith', 'John Oldman', 'Tony Todd', 'Dan', 'John Billingsley', 'Harry', 'Ellen Crawford', 'Edith', 'Annika Peterson', 'Sandy', 'Alexis Thorpe', 'Linda Murphy', 'William Katt', 'Art', 'Richard Riehle', 'Dr. Will Gruber', 'Steven Littles', 'Moving Man #1']"
Iron Man,05/01/2008 ,76.0,"Action, Science Fiction, Adventure","After being held captive in an Afghan cave, billionaire engineer Tony Stark creates a unique weaponized suit of armor to fight evil.","Robert Downey Jr., Tony Stark / Iron Man, Terrence Howard, James 'Rhodey' Rhodes, Jeff Bridges, Obadiah Stane / Iron Monger, Gwyneth Paltrow, Virginia 'Pepper' Potts, Leslie Bibb, Christine Everhart, Bill Smitrovich, General Gabriel, Paul Bettany, J.A.R.V.I.S. (voice), Jon Favreau, Harold 'Happy' Hogan, Shaun Toub, Yinsen",Iron Man, Released,English,186000000.0,585171547.0,AU,05/01/2008,2008-05-01,"['Robert Downey Jr.', 'Tony Stark / Iron Man', 'Terrence Howard', ""James 'Rhodey' Rhodes"", 'Jeff Bridges', 'Obadiah Stane / Iron Monger', 'Gwyneth Paltrow', ""Virginia 'Pepper' Potts"", 'Leslie Bibb', 'Christine Everhart', 'Bill Smitrovich', 'General Gabriel', 'Paul Bettany', 'J.A.R.V.I.S. (voice)', 'Jon Favreau', ""Harold 'Happy' Hogan"", 'Shaun Toub', 'Yinsen']"
WALL·E,09/18/2008 ,81.0,"Animation, Family, Science Fiction","WALL·E is the last robot left on an Earth that has been overrun with garbage and all humans have fled to outer space. For 700 years he has continued to try and clean up the mess, but has developed some rather interesting human-like qualities. When a ship arrives with a sleek new type of robot, WALL·E thinks he's finally found a friend and stows away on the ship when it leaves.","Ben Burtt, WALL·E / M-O (voice), Elissa Knight, EVE (voice), Jeff Garlin, Captain (voice), Fred Willard, Shelby Forthright, BnL CEO, John Ratzenberger, John (voice), Kathy Najimy, Mary (voice), Sigourney Weaver, Ship's Computer (voice), Teddy Newton, Additional Voices (voice), Bob Bergen, Additional Voices (voice)",WALL·E, Released,English,180000000.0,521311860.0,AU,09/18/2008,2008-09-18,"['Ben Burtt', 'WALL·E / M-O (voice)', 'Elissa Knight', 'EVE (voice)', 'Jeff Garlin', 'Captain (voice)', 'Fred Willard', 'Shelby Forthright', 'BnL CEO', 'John Ratzenberger', 'John (voice)', 'Kathy Najimy', 'Mary (voice)', 'Sigourney Weaver', ""Ship's Computer (voice)"", 'Teddy Newton', 'Additional Voices (voice)', 'Bob Bergen', 'Additional Voices (voice)']"
American Pie Presents: Beta House,01/03/2008 ,56.0,Comedy,"Erik, Ryan, and Cooze start college and pledge the Beta House fraternity, presided over by none other than legendary Dwight Stifler. But chaos ensues when a fraternity of geeks threatens to stop the debauchery and the Betas have to make a stand for their right to party.","John White, Erik Stifler, Steve Talley, Dwight Stifler, Jake Siegel, Mike Coozeman, Meghan Heffern, Ashley, Eugene Levy, Mr. Levenstein, Italia Ricci, Laura Johnson, Rachel Skarsten, Sharon, Erica Cox, Candy, Christopher McDonald, Mr. Stifler",American Pie Presents: Beta House, Released,English,10000000.0,18610260.0,AU,01/03/2008,2008-01-03,"['John White', 'Erik Stifler', 'Steve Talley', 'Dwight Stifler', 'Jake Siegel', 'Mike Coozeman', 'Meghan Heffern', 'Ashley', 'Eugene Levy', 'Mr. Levenstein', 'Italia Ricci', 'Laura Johnson', 'Rachel Skarsten', 'Sharon', 'Erica Cox', 'Candy', 'Christopher McDonald', 'Mr. Stifler']"
Fireproof,09/26/2008 ,76.0,"Drama, Romance","Caleb Holt, a heroic fire captain who values dedication and service to others above all else. But the most important partnership in his life, his marriage, is about to go up in smoke. This gripping story follows one man's desire to transform his life and marriage through the healing power of faith and fully embrace the fireman's code: ""Never leave your partner behind.""","Kirk Cameron, Caleb Holt, Erin Bethea, Catherine Holt, Ken Bevel, Michael Simmons, Stephen Dervan, Wayne Floyd, Eric Young, Terrell Sanders, Jason McLeod, Eric Harmon, Harris Malcom, John Holt, Phyllis Malcom, Cheryl Holt, Perry Revell, Gavin Keller",Fireproof, Released,English,500000.0,33473297.0,US,09/26/2008,2008-09-26,"['Kirk Cameron', 'Caleb Holt', 'Erin Bethea', 'Catherine Holt', 'Ken Bevel', 'Michael Simmons', 'Stephen Dervan', 'Wayne Floyd', 'Eric Young', 'Terrell Sanders', 'Jason McLeod', 'Eric Harmon', 'Harris Malcom', 'John Holt', 'Phyllis Malcom', 'Cheryl Holt', 'Perry Revell', 'Gavin Keller']"
Hancock,07/03/2008 ,63.0,"Fantasy, Action","Hancock is a down-and-out superhero who's forced to employ a PR expert to help repair his image when the public grows weary of all the damage he's inflicted during his lifesaving heroics. The agent's idea of imprisoning the antihero to make the world miss him proves successful, but will Hancock stick to his new sense of purpose or slip back into old habits?","Will Smith, John Hancock, Charlize Theron, Mary Embrey, Jason Bateman, Ray Embrey, Jae Head, Aaron Embrey, Eddie Marsan, Red, David Mattey, Man Mountain, Maetrix Fitten, Matrix, Thomas Lennon, Mike, Johnny Galecki, Jeremy",Hancock, Released,English,150000000.0,624234272.0,AU,07/03/2008,2008-07-03,"['Will Smith', 'John Hancock', 'Charlize Theron', 'Mary Embrey', 'Jason Bateman', 'Ray Embrey', 'Jae Head', 'Aaron Embrey', 'Eddie Marsan', 'Red', 'David Mattey', 'Man Mountain', 'Maetrix Fitten', 'Matrix', 'Thomas Lennon', 'Mike', 'Johnny Galecki', 'Jeremy']"
Rambo,02/21/2008 ,66.0,"Action, Thriller","When governments fail to act on behalf of captive missionaries, ex-Green Beret John James Rambo sets aside his peaceful existence along the Salween River in a war-torn region of Thailand to take action.  Although he's still haunted by violent memories of his time as a U.S. soldier during the Vietnam War, Rambo can hardly turn his back on the aid workers who so desperately need his help.","Sylvester Stallone, John Rambo, Julie Benz, Sarah, Matthew Marsden, School Boy, Graham McTavish, Lewis, Reynaldo Gallegos, Diaz, Tim Kang, En-Joo, Jake La Botz, Reese, Maung Maung Khin, Tint, Paul Schulze, Michael Burnett",Rambo, Released,English,47500000.0,113244290.0,AU,02/21/2008,2008-02-21,"['Sylvester Stallone', 'John Rambo', 'Julie Benz', 'Sarah', 'Matthew Marsden', 'School Boy', 'Graham McTavish', 'Lewis', 'Reynaldo Gallegos', 'Diaz', 'Tim Kang', 'En-Joo', 'Jake La Botz', 'Reese', 'Maung Maung Khin', 'Tint', 'Paul Schulze', 'Michael Burnett']"
The Chronicles of Narnia: Prince Caspian,06/05/2008 ,66.0,"Adventure, Family, Fantasy","One year after their incredible adventures in the Lion, the Witch and the Wardrobe, Peter, Edmund, Lucy and Susan Pevensie return to Narnia to aid a young prince whose life has been threatened by the evil King Miraz. Now, with the help of a colorful cast of new characters, including Trufflehunter the badger and Nikabrik the dwarf, the Pevensie clan embarks on an incredible quest to ensure that Narnia is returned to its rightful heir.","Georgie Henley, Lucy Pevensie, Skandar Keynes, Edmund Pevensie, William Moseley, Peter Pevensie, Anna Popplewell, Susan Pevensie, Ben Barnes, Prince Caspian, Sergio Castellitto, King Miraz, Peter Dinklage, Trumpkin, Warwick Davis, Nikabrik, Vincent Grass, Doktor Cornelius",The Chronicles of Narnia: Prince Caspian, Released,English,225000000.0,417341288.0,AU,06/05/2008,2008-06-05,"['Georgie Henley', 'Lucy Pevensie', 'Skandar Keynes', 'Edmund Pevensie', 'William Moseley', 'Peter Pevensie', 'Anna Popplewell', 'Susan Pevensie', 'Ben Barnes', 'Prince Caspian', 'Sergio Castellitto', 'King Miraz', 'Peter Dinklage', 'Trumpkin', 'Warwick Davis', 'Nikabrik', 'Vincent Grass', 'Doktor Cornelius']"
Madagascar: Escape 2 Africa,12/18/2008 ,65.0,"Family, Adventure, Animation, Comedy","Alex, Marty, and other zoo animals find a way to escape from Madagascar when the penguins reassemble a wrecked airplane. The precariously repaired craft stays airborne just long enough to make it to the African continent. There the New Yorkers encounter members of their own species for the first time. Africa proves to be a wild place, but Alex and company wonder if it is better than their Central Park home.","Ben Stiller, Alex (voice), Chris Rock, Marty / Additional Zebras (voice), David Schwimmer, Melman (voice), Jada Pinkett Smith, Gloria (voice), Sacha Baron Cohen, Julien (voice), Cedric the Entertainer, Maurice (voice), Andy Richter, Mort (voice), Bernie Mac, Zuba (voice), Alec Baldwin, Makunga (voice)",Madagascar: Escape 2 Africa, Released,English,150000000.0,599680774.0,AU,12/18/2008,2008-12-18,"['Ben Stiller', 'Alex (voice)', 'Chris Rock', 'Marty / Additional Zebras (voice)', 'David Schwimmer', 'Melman (voice)', 'Jada Pinkett Smith', 'Gloria (voice)', 'Sacha Baron Cohen', 'Julien (voice)', 'Cedric the Entertainer', 'Maurice (voice)', 'Andy Richter', 'Mort (voice)', 'Bernie Mac', 'Zuba (voice)', 'Alec Baldwin', 'Makunga (voice)']"
Taken,08/14/2008 ,74.0,"Action, Thriller","While vacationing with a friend in Paris, an American girl is kidnapped by a gang of human traffickers intent on selling her into forced prostitution. Working against the clock, her ex-spy father must pull out all the stops to save her. But with his best years possibly behind him, the job may be more than he can handle.","Liam Neeson, Bryan Mills, Maggie Grace, Kim Mills, Leland Orser, Sam Gilroy, Famke Janssen, Lenore St John, Jon Gries, Mark Casey, David Warshofsky, Bernie Harris, Holly Valance, Sheerah, Katie Cassidy, Amanda, Xander Berkeley, Stuart  St John",Taken, Released,English,25000000.0,226941585.0,AU,08/14/2008,2008-08-14,"['Liam Neeson', 'Bryan Mills', 'Maggie Grace', 'Kim Mills', 'Leland Orser', 'Sam Gilroy', 'Famke Janssen', 'Lenore St John', 'Jon Gries', 'Mark Casey', 'David Warshofsky', 'Bernie Harris', 'Holly Valance', 'Sheerah', 'Katie Cassidy', 'Amanda', 'Xander Berkeley', 'Stuart  St John']"
Naruto Shippuden the Movie: Bonds,08/02/2008 ,73.0,"Fantasy, Animation, Action","A mysterious group of ninjas makes a surprise attack on the Konohagakure, which takes great damage. The nightmare of another Shinobi World War could become a reality. Sasuke, who was still a missing nin from Konoha trying to kill his brother, Itachi, appears for the second time in front of Naruto at an unknown location to prevent it from happening.","Junko Takeuchi, Naruto Uzumaki (voice), Noriaki Sugiyama, Sasuke Uchiha (voice), Chie Nakamura, Sakura Haruno (voice), Unsho Ishizuka, Shinno (voice), Motoko Kumai, Amaru (voice), Kazuhiko Inoue, Kakashi Hatake (voice), Rikiya Koyama, Yamato (voice), Showtaro Morikubo, Shikamaru Nara (voice), Nana Mizuki, Hinata Hyuuga (voice)", 劇場版 NARUTO -ナルト- 疾風伝 絆, Released,Japanese,24070000.0,10600000.0,JP,08/02/2008,2008-08-02,"['Junko Takeuchi', 'Naruto Uzumaki (voice)', 'Noriaki Sugiyama', 'Sasuke Uchiha (voice)', 'Chie Nakamura', 'Sakura Haruno (voice)', 'Unsho Ishizuka', 'Shinno (voice)', 'Motoko Kumai', 'Amaru (voice)', 'Kazuhiko Inoue', 'Kakashi Hatake (voice)', 'Rikiya Koyama', 'Yamato (voice)', 'Showtaro Morikubo', 'Shikamaru Nara (voice)', 'Nana Mizuki', 'Hinata Hyuuga (voice)']"
The Boy in the Striped Pyjamas,08/20/2008 ,78.0,"War, Drama, History","When his family moves from their home in Berlin to a strange new house in Poland, young Bruno befriends Shmuel, a boy who lives on the other side of the fence where everyone seems to be wearing striped pajamas. Unaware of Shmuel's fate as a Jewish prisoner or the role his own Nazi father plays in his imprisonment, Bruno embarks on a dangerous journey inside the camp's walls.","Asa Butterfield, Bruno Hoess, Jack Scanlon, Shmuel, Vera Farmiga, Elsa Hoess, David Thewlis, Ralf Hoess, Rupert Friend, Lieutenant Kurt Kotler, David Hayman, Pavel, Sheila Hancock, Grandma Nathalie, Cara Horgan, Maria, Richard Johnson, Grandpa",The Boy in the Striped Pyjamas, Released,English,12500000.0,44083403.0,AU,08/20/2008,2008-08-20,"['Asa Butterfield', 'Bruno Hoess', 'Jack Scanlon', 'Shmuel', 'Vera Farmiga', 'Elsa Hoess', 'David Thewlis', 'Ralf Hoess', 'Rupert Friend', 'Lieutenant Kurt Kotler', 'David Hayman', 'Pavel', 'Sheila Hancock', 'Grandma Nathalie', 'Cara Horgan', 'Maria', 'Richard Johnson', 'Grandpa']"
The Incredible Hulk,06/12/2008 ,62.0,"Science Fiction, Action, Adventure","Scientist Bruce Banner scours the planet for an antidote to the unbridled force of rage within him: the Hulk. But when the military masterminds who dream of exploiting his powers force him back to civilization, he finds himself coming face to face with a new, deadly foe.","Edward Norton, Bruce Banner / The Hulk, Liv Tyler, Betty Ross, Tim Roth, Emil Blonsky / Abomination, William Hurt, Thaddeus 'Thunderbolt' Ross, Tim Blake Nelson, Samuel Sterns, Ty Burrell, Leonard Samson, Christina Cabot, Kathleen Sparr, Peter Mensah, General Joe Greller, Lou Ferrigno, Incredible Hulk (voice) / Security Guard",The Incredible Hulk, Released,English,137500000.0,265573859.0,AU,06/12/2008,2008-06-12,"['Edward Norton', 'Bruce Banner / The Hulk', 'Liv Tyler', 'Betty Ross', 'Tim Roth', 'Emil Blonsky / Abomination', 'William Hurt', ""Thaddeus 'Thunderbolt' Ross"", 'Tim Blake Nelson', 'Samuel Sterns', 'Ty Burrell', 'Leonard Samson', 'Christina Cabot', 'Kathleen Sparr', 'Peter Mensah', 'General Joe Greller', 'Lou Ferrigno', 'Incredible Hulk (voice) / Security Guard']"
Journey to the Center of the Earth,09/25/2008 ,61.0,"Action, Science Fiction, Adventure, Comedy, Family","On a quest to find out what happened to his missing brother, a scientist, his nephew and their mountain guide discover a fantastic and dangerous lost world in the center of the earth.","Brendan Fraser, Trevor Anderson, Josh Hutcherson, Sean Anderson, Anita Briem, Hannah Ásgeirsson, Seth Meyers, Professor Alan Kitzens, Jean Michel Paré, Max Anderson, Jane Wheeler, Elizabeth, Frank Fontaine, Old Man, Giancarlo Caltabiano, Leonard, Kaniehtiio Horn, Gum-Chewing Girl",Journey to the Center of the Earth, Released,English,45000000.0,243180937.0,AU,09/25/2008,2008-09-25,"['Brendan Fraser', 'Trevor Anderson', 'Josh Hutcherson', 'Sean Anderson', 'Anita Briem', 'Hannah Ásgeirsson', 'Seth Meyers', 'Professor Alan Kitzens', 'Jean Michel Paré', 'Max Anderson', 'Jane Wheeler', 'Elizabeth', 'Frank Fontaine', 'Old Man', 'Giancarlo Caltabiano', 'Leonard', 'Kaniehtiio Horn', 'Gum-Chewing Girl']"
Sex and the City,05/25/2008 ,66.0,"Comedy, Drama, Romance",A New York writer on sex and love is finally getting married to her Mr. Big. But her three best girlfriends must console her after one of them inadvertently leads Mr. Big to jilt her.,"Sarah Jessica Parker, Carrie Bradshaw, Kim Cattrall, Samantha Jones, Kristin Davis, Charlotte York Goldenblatt, Cynthia Nixon, Miranda Hobbes, Chris Noth, Mr. Big, Candice Bergen, Enid Frick, Jennifer Hudson, Louise, Carrie's assistant, David Eigenberg, Steve Brady, Evan Handler, Harry Goldenblatt",Sex and the City, Released,English,57500000.0,415247258.0,AU,05/25/2008,2008-05-25,"['Sarah Jessica Parker', 'Carrie Bradshaw', 'Kim Cattrall', 'Samantha Jones', 'Kristin Davis', 'Charlotte York Goldenblatt', 'Cynthia Nixon', 'Miranda Hobbes', 'Chris Noth', 'Mr. Big', 'Candice Bergen', 'Enid Frick', 'Jennifer Hudson', 'Louise', ""Carrie's assistant"", 'David Eigenberg', 'Steve Brady', 'Evan Handler', 'Harry Goldenblatt']"
Indiana Jones and the Kingdom of the Crystal Skull,05/22/2008 ,60.0,"Adventure, Action","Set during the Cold War, the Soviets—led by sword-wielding Irina Spalko—are in search of a crystal skull which has supernatural powers related to a mystical Lost City of Gold. Indy is coerced to head to Peru at the behest of a young man whose friend—and Indy's colleague—Professor Oxley has been captured for his knowledge of the skull's whereabouts.","Harrison Ford, Indiana Jones, Cate Blanchett, Irina Spalko, Karen Allen, Marion Ravenwood, Shia LaBeouf, Mutt Williams, Ray Winstone, 'Mac' George Michale, John Hurt, Professor Oxley, Jim Broadbent, Charles Stanforth, Igor Jijikine, Dovchenko, Dimitri Diatchenko, Russian Suit",Indiana Jones and the Kingdom of the Crystal Skull, Released,English,185000000.0,786635413.0,AU,05/22/2008,2008-05-22,"['Harrison Ford', 'Indiana Jones', 'Cate Blanchett', 'Irina Spalko', 'Karen Allen', 'Marion Ravenwood', 'Shia LaBeouf', 'Mutt Williams', 'Ray Winstone', ""'Mac' George Michale"", 'John Hurt', 'Professor Oxley', 'Jim Broadbent', 'Charles Stanforth', 'Igor Jijikine', 'Dovchenko', 'Dimitri Diatchenko', 'Russian Suit']"
The Mummy: Tomb of the Dragon Emperor,09/11/2008 ,55.0,"Adventure, Action, Fantasy","Archaeologist Rick O'Connell travels to China, pitting him against an emperor from the 2,000-year-old Han dynasty who's returned from the dead to pursue a quest for world domination. This time, O'Connell enlists the help of his wife and son to quash the so-called 'Dragon Emperor' and his abuse of supernatural power.","Brendan Fraser, Rick O'Connell, Jet Li, Han, Maria Bello, Evelyn O'Connell, John Hannah, Jonathan Carnahan, Michelle Yeoh, Zi Yuan, Luke Ford, Alex O'Connell, Isabella Leong, Lin, Anthony Wong, Yang, Russell Wong, Ming Guo",The Mummy: Tomb of the Dragon Emperor, Released,English,175000000.0,405760225.0,AU,09/11/2008,2008-09-11,"['Brendan Fraser', ""Rick O'Connell"", 'Jet Li', 'Han', 'Maria Bello', ""Evelyn O'Connell"", 'John Hannah', 'Jonathan Carnahan', 'Michelle Yeoh', 'Zi Yuan', 'Luke Ford', ""Alex O'Connell"", 'Isabella Leong', 'Lin', 'Anthony Wong', 'Yang', 'Russell Wong', 'Ming Guo']"
Jumper,02/14/2008 ,61.0,"Action, Adventure, Science Fiction","David Rice is a man who knows no boundaries, a Jumper, born with the uncanny ability to teleport instantly to anywhere on Earth. When he discovers others like himself, David is thrust into a dangerous and bloodthirsty war while being hunted by a sinister and determined group of zealots who have sworn to destroy all Jumpers. Now, David’s extraordinary gift may be his only hope for survival!","Hayden Christensen, David Rice, Jamie Bell, Griffin, Samuel L. Jackson, Roland, Rachel Bilson, Millie Harris, Michael Rooker, William Rice, Diane Lane, Mary Rice, AnnaSophia Robb, Young Millie, Max Thieriot, Young David, Jesse James, Young Mark",Jumper, Released,English,82500000.0,222640812.0,AU,02/14/2008,2008-02-14,"['Hayden Christensen', 'David Rice', 'Jamie Bell', 'Griffin', 'Samuel L. Jackson', 'Roland', 'Rachel Bilson', 'Millie Harris', 'Michael Rooker', 'William Rice', 'Diane Lane', 'Mary Rice', 'AnnaSophia Robb', 'Young Millie', 'Max Thieriot', 'Young David', 'Jesse James', 'Young Mark']"
Ong Bak 2,12/05/2008 ,64.0,"Adventure, Action, Thriller",Moments from death a young man is rescued by a renowned warrior. Realizing unsurpassed physical potential in the young boy he trains him into the most dangerous man alive. As he becomes a young man he goes on a lone mission of vengeance against the vicious slave traders who enslaved him as a youth and the treacherous warlord who killed his father.,"Tony Jaa, Tien, Sarunyu Wongkrachang, Rajasena Lord, Sorapong Chatree, Chernang, Primorata Dejudom, Pim, Nirut Sirijanya, Master Bua, Petchtai Wongkamlao, Mhen, Santisuk Promsiri, Nobleman Siha Decho, Patthama Panthong, Lady Plai, Supakorn Kitsuwon, Guard in Golden Armour", องค์บาก 2, Released,Thai,8500000.0,8936663.0,AU,12/05/2008,2008-12-05,"['Tony Jaa', 'Tien', 'Sarunyu Wongkrachang', 'Rajasena Lord', 'Sorapong Chatree', 'Chernang', 'Primorata Dejudom', 'Pim', 'Nirut Sirijanya', 'Master Bua', 'Petchtai Wongkamlao', 'Mhen', 'Santisuk Promsiri', 'Nobleman Siha Decho', 'Patthama Panthong', 'Lady Plai', 'Supakorn Kitsuwon', 'Guard in Golden Armour']"
Tinker Bell,10/27/2008 ,68.0,"Animation, Family, Adventure, Fantasy","Journey into the secret world of Pixie Hollow and hear Tinker Bell speak for the very first time as the astonishing story of Disney's most famous fairy is finally revealed in the all-new motion picture ""Tinker Bell.""","Mae Whitman, Tinker Bell (voice), Kristin Chenoweth, Rosetta (voice), Raven-Symoné, Iridessa (voice), Lucy Liu, Silvermist (voice), America Ferrera, Fawn (voice), Jane Horrocks, Fairy Mary (voice), Jesse McCartney, Terence (voice), Rob Paulsen, Bobble (voice), Jeff Bennett, Clank (voice)",Tinker Bell, Released,English,48000000.0,214714340.0,AU,10/27/2008,2008-10-27,"['Mae Whitman', 'Tinker Bell (voice)', 'Kristin Chenoweth', 'Rosetta (voice)', 'Raven-Symoné', 'Iridessa (voice)', 'Lucy Liu', 'Silvermist (voice)', 'America Ferrera', 'Fawn (voice)', 'Jane Horrocks', 'Fairy Mary (voice)', 'Jesse McCartney', 'Terence (voice)', 'Rob Paulsen', 'Bobble (voice)', 'Jeff Bennett', 'Clank (voice)']"
Alvin and the Chipmunks,01/03/2008 ,58.0,"Comedy, Family, Fantasy, Animation","A struggling songwriter named Dave Seville finds success when he comes across a trio of singing chipmunks: mischievous leader Alvin, brainy Simon, and chubby, impressionable Theodore.","Jason Lee, Dave, David Cross, Ian, Cameron Richardson, Claire, Jane Lynch, Gail, Justin Long, Alvin (voice), Matthew Gray Gubler, Simon (voice), Jesse McCartney, Theodore (voice), Veronica Alicino, Amy, Allison Karman, Female Intern #1",Alvin and the Chipmunks, Released,English,55000000.0,362605033.0,AU,01/03/2008,2008-01-03,"['Jason Lee', 'Dave', 'David Cross', 'Ian', 'Cameron Richardson', 'Claire', 'Jane Lynch', 'Gail', 'Justin Long', 'Alvin (voice)', 'Matthew Gray Gubler', 'Simon (voice)', 'Jesse McCartney', 'Theodore (voice)', 'Veronica Alicino', 'Amy', 'Allison Karman', 'Female Intern #1']"
Dragon Ball: Yo! Son Goku and His Friends Return!!,09/21/2008 ,62.0,"Animation, Action, Adventure, Science Fiction","A 35-minute Dragon Ball animated short film that premiered at the Jump Super Anime Tour in September 2008. It is the first animated Dragon Ball feature in twelve years, following the tenth anniversary film The Path to Power.","Masakazu Morita, Tarble (voice), Ryou Horikawa, Vegeta (voice), Takeshi Kusao, Trunks (voice), Masako Nozawa, Son Goku / Son Gohan / Son Goten (voice), Naoko Watanabe, Chichi / Puar / Marron (voice), Toshio Furukawa, Piccolo (voice), Yuko Minaguchi, Videl (voice), Toru Furuya, Yamcha (voice), Miki Ito, No.18 (voice)", ドラゴンボール オッス!帰ってきた孫悟空と仲間たち!!, Released,Japanese,165000000.0,600004822.0,JP,09/21/2008,2008-09-21,"['Masakazu Morita', 'Tarble (voice)', 'Ryou Horikawa', 'Vegeta (voice)', 'Takeshi Kusao', 'Trunks (voice)', 'Masako Nozawa', 'Son Goku / Son Gohan / Son Goten (voice)', 'Naoko Watanabe', 'Chichi / Puar / Marron (voice)', 'Toshio Furukawa', 'Piccolo (voice)', 'Yuko Minaguchi', 'Videl (voice)', 'Toru Furuya', 'Yamcha (voice)', 'Miki Ito', 'No.18 (voice)']"
The Curious Case of Benjamin Button,12/10/2008 ,76.0,"Drama, Fantasy, Romance","I was born under unusual circumstances. And so begins The Curious Case of Benjamin Button, adapted from the 1920s story by F. Scott Fitzgerald about a man who is born in his eighties and ages backwards: a man, like any of us, who is unable to stop time. We follow his story, set in New Orleans, from the end of World War I in 1918 into the 21st century, following his journey that is as unusual as any man's life can be. Benjamin Button, is a grand tale of a not-so-ordinary man and the people and places he discovers along the way, the loves he finds, the joys of life and the sadness of death, and what lasts beyond time.","Brad Pitt, Benjamin Button, Cate Blanchett, Daisy Fuller, Taraji P. Henson, Queenie, Julia Ormond, Caroline Fuller, Jason Flemyng, Thomas Button, Mahershala Ali, Tizzy Weathers, Jared Harris, Captain Mike, Elias Koteas, Monsieur Gateau, Phyllis Somerville, Grandma Fuller",The Curious Case of Benjamin Button, Released,English,160000000.0,329631958.0,AU,12/10/2008,2008-12-10,"['Brad Pitt', 'Benjamin Button', 'Cate Blanchett', 'Daisy Fuller', 'Taraji P. Henson', 'Queenie', 'Julia Ormond', 'Caroline Fuller', 'Jason Flemyng', 'Thomas Button', 'Mahershala Ali', 'Tizzy Weathers', 'Jared Harris', 'Captain Mike', 'Elias Koteas', 'Monsieur Gateau', 'Phyllis Somerville', 'Grandma Fuller']"
Barbie Mariposa,02/26/2008 ,67.0,"Animation, Fantasy, Family","Elina, heroine of the Fairytopia films tells her friend Bibble the story of Flutterfield, a faraway kingdom populated by fairies with butterfly wings. Henna, the evil butterfly fairy has poisoned the queen of Flutterfield in an attempt to take over the kingdom.","Kelly Sheridan, Elina (voice), Chiara Zanni, Mariposa (voice), Tabitha St. Germain, Willa / Coral / Flutterpixie (voice), Kathleen Barr, Rayna (voice), Erin Mathews, Rayla (voice), Nicole Oliver, Henna (voice), Alessandro Juliani, Prince Carlos (voice), Cathy Weseluck, Zinzie / Dizzle / Fairy Speck (voice), Alistair Abell, Lord Gastrous (voice)",Barbie Mariposa, Released,English,123000000.0,544213599.8,US,02/26/2008,2008-02-26,"['Kelly Sheridan', 'Elina (voice)', 'Chiara Zanni', 'Mariposa (voice)', 'Tabitha St. Germain', 'Willa / Coral / Flutterpixie (voice)', 'Kathleen Barr', 'Rayna (voice)', 'Erin Mathews', 'Rayla (voice)', 'Nicole Oliver', 'Henna (voice)', 'Alessandro Juliani', 'Prince Carlos (voice)', 'Cathy Weseluck', 'Zinzie / Dizzle / Fairy Speck (voice)', 'Alistair Abell', 'Lord Gastrous (voice)']"
Beverly Hills Chihuahua,10/03/2008 ,53.0,"Comedy, Family, Adventure, Romance","A pampered Beverly Hills chihuahua named Chloe who, while on vacation in Mexico with her owner Viv's niece, Rachel, gets lost and must rely on her friends to help her get back home before she is caught by a dognapper who wants to ransom her.","Drew Barrymore, Chloe (voice), Piper Perabo, Rachel Ashe Lynn, Andy García, Delgado (voice), George Lopez, Papi (voice), Paul Rodríguez, Chico (voice), Plácido Domingo, Monte (voice), Edward James Olmos, Diablo (voice), Loretta Devine, Delta (voice), Jamie Lee Curtis, Aunt Viv",Beverly Hills Chihuahua, Released,English,20000000.0,154218168.0,US,10/03/2008,2008-10-03,"['Drew Barrymore', 'Chloe (voice)', 'Piper Perabo', 'Rachel Ashe Lynn', 'Andy García', 'Delgado (voice)', 'George Lopez', 'Papi (voice)', 'Paul Rodríguez', 'Chico (voice)', 'Plácido Domingo', 'Monte (voice)', 'Edward James Olmos', 'Diablo (voice)', 'Loretta Devine', 'Delta (voice)', 'Jamie Lee Curtis', 'Aunt Viv']"
Martyrs,09/03/2008 ,73.0,"Horror, Drama, Thriller","A young woman’s quest for revenge against the people who kidnapped and tortured her as a child leads her and her best friend, also a victim of child abuse, on a terrifying journey into a living hell of depravity.","Morjana Alaoui, Anna Assaoui, Mylène Jampanoï, Lucie Jurin, Catherine Bégin, Mademoiselle, Robert Toupin, Father, Patricia Tulasne, Mother, Juliette Gosselin, Marie, Xavier Dolan, Antoine, Jean-Marie Moncelet, Étienne, Jessie Pham, Young Lucie",Martyrs, Released,French,6500000.0,1100000.0,FR,09/03/2008,2008-09-03,"['Morjana Alaoui', 'Anna Assaoui', 'Mylène Jampanoï', 'Lucie Jurin', 'Catherine Bégin', 'Mademoiselle', 'Robert Toupin', 'Father', 'Patricia Tulasne', 'Mother', 'Juliette Gosselin', 'Marie', 'Xavier Dolan', 'Antoine', 'Jean-Marie Moncelet', 'Étienne', 'Jessie Pham', 'Young Lucie']"
Diary of a Nymphomaniac,10/17/2008 ,55.0,"Drama, Romance","A chronicle of the life of a middle-class French girl's sexual adventures, her then fall into prostitution, and her ultimate redemption.","Belén Fabra, Valérie, Leonardo Sbaraglia, Jaime, Llum Barrera, Sonia, Geraldine Chaplin, Abuela de Valére, Ángela Molina, Cristina, Pedro Gutiérrez, Hassan, José Chaves, Pedro, Jorge Yaman, Íñigo, David Vert, Alex", Diario de una ninfómana, Released,"Spanish, Castilian",127800000.0,578598408.0,ES,10/17/2008,2008-10-17,"['Belén Fabra', 'Valérie', 'Leonardo Sbaraglia', 'Jaime', 'Llum Barrera', 'Sonia', 'Geraldine Chaplin', 'Abuela de Valére', 'Ángela Molina', 'Cristina', 'Pedro Gutiérrez', 'Hassan', 'José Chaves', 'Pedro', 'Jorge Yaman', 'Íñigo', 'David Vert', 'Alex']"
Never Back Down,03/27/2008 ,68.0,"Drama, Action","Jake, full of anger after his father's death, is just starting to find a place for himself at his new Orlando high school - until Ryan, head of an underground MMA fight club, picks Jake out as a prime opponent. After being trounced by Ryan in front of the entire school, Jake begins training under the firm, moral guidance of a MMA master, where he learns how to fight... and how to avoid a fight. But it becomes obvious that a rematch will be inevitable if Jake wants to stop Ryan and his bullying, once and for all.","Sean Faris, Jake Tyler, Amber Heard, Baja Miller, Cam Gigandet, Ryan McCarthy, Djimon Hounsou, Jean Roqua, Evan Peters, Max Cooperman, Leslie Hope, Margot Tyler, Wyatt Smith, Charlie Tyler, Neil Brown Jr., Aaron, Lauren Leech, Jenny",Never Back Down, Released,English,21000000.0,39319801.0,AU,03/27/2008,2008-03-27,"['Sean Faris', 'Jake Tyler', 'Amber Heard', 'Baja Miller', 'Cam Gigandet', 'Ryan McCarthy', 'Djimon Hounsou', 'Jean Roqua', 'Evan Peters', 'Max Cooperman', 'Leslie Hope', 'Margot Tyler', 'Wyatt Smith', 'Charlie Tyler', 'Neil Brown Jr.', 'Aaron', 'Lauren Leech', 'Jenny']"
Cloverfield,01/17/2008 ,67.0,"Action, Thriller, Science Fiction","Five young New Yorkers throw their friend a going-away party the night that a monster the size of a skyscraper descends upon the city. Told from the point of view of their video camera, the film is a document of their attempt to survive the most surreal, horrifying event of their lives.","Matt Reeves, Radio Announcer (voice), Michael Stahl-David, Rob Hawkins, T.J. Miller, Hudson 'Hud' Platt, Lizzy Caplan, Marlena Diamond, Jessica Lucas, Lily Ford, Odette Annable, Beth McIntyre, Mike Vogel, Jason Hawkins, Anjul Nigam, Bodega Cashier, Margot Farley, Jenn",Cloverfield, Released,English,25000000.0,171302226.0,AU,01/17/2008,2008-01-17,"['Matt Reeves', 'Radio Announcer (voice)', 'Michael Stahl-David', 'Rob Hawkins', 'T.J. Miller', ""Hudson 'Hud' Platt"", 'Lizzy Caplan', 'Marlena Diamond', 'Jessica Lucas', 'Lily Ford', 'Odette Annable', 'Beth McIntyre', 'Mike Vogel', 'Jason Hawkins', 'Anjul Nigam', 'Bodega Cashier', 'Margot Farley', 'Jenn']"
The Bank Job,07/31/2008 ,68.0,"Thriller, Crime, Drama","Terry is a small-time car dealer trying to leave his shady past behind and start a family. Martine is a beautiful model from Terry's old neighbourhood who knows that Terry is no angel. When Martine proposes a foolproof plan to rob a bank, Terry recognises the danger but realises this may be the opportunity of a lifetime. As the resourceful band of thieves burrows its way into a safe-deposit vault at a Lloyds Bank, they quickly realise that, besides millions in riches, the boxes also contain secrets that implicate everyone from London's most notorious underworld gangsters to powerful government figures, and even the Royal Family. Although the heist makes headlines throughout Britain for several days, a government gag order eventually brings all reporting of the case to an immediate halt.","Jason Statham, Terry Leather, Saffron Burrows, Martine Love, Stephen Campbell Moore, Kevin Swain, Daniel Mays, Dave Shilling, James Faulkner, Guy Singer, Andrew Brooke, Quinn, Michael Jibson, Eddie Burton, Georgia Taylor, Ingrid, Richard Lintern, Tim Everett",The Bank Job, Released,English,20000000.0,66143005.0,AU,07/31/2008,2008-07-31,"['Jason Statham', 'Terry Leather', 'Saffron Burrows', 'Martine Love', 'Stephen Campbell Moore', 'Kevin Swain', 'Daniel Mays', 'Dave Shilling', 'James Faulkner', 'Guy Singer', 'Andrew Brooke', 'Quinn', 'Michael Jibson', 'Eddie Burton', 'Georgia Taylor', 'Ingrid', 'Richard Lintern', 'Tim Everett']"
Barbie and the Diamond Castle,09/16/2008 ,74.0,"Animation, Family","Liana and Alexa (Barbie and Teresa) are best friends who share everything, including their love of singing. One day while walking through the forest home from the village, the girls meet an old beggar who gives them a magical mirror. As they clean the mirror and sing, a musical apprentice muse named Melody appears in the mirror's surface, and tells the girls about the secret of the Diamond Castle.","Kelly Sheridan, Barbie Roberts / Liana (voice), Melissa Lyons, Barbie Roberts / Liana (singing voice), Maryke Hendrikse, Melody (voice), Cassidy Ladden, Teresa Rivera / Alexa (voice), Nicole Oliver, Dori / Maid (voice), Chantal Strand, Stacie Roberts (voice), Kathleen Barr, Lydia (voice), Veena Sood, Sparkles / Lily (voice), Lara Janine, Melody (singing voice)",Barbie and the Diamond Castle, Released,English,92800000.0,609222681.4,AU,09/16/2008,2008-09-16,"['Kelly Sheridan', 'Barbie Roberts / Liana (voice)', 'Melissa Lyons', 'Barbie Roberts / Liana (singing voice)', 'Maryke Hendrikse', 'Melody (voice)', 'Cassidy Ladden', 'Teresa Rivera / Alexa (voice)', 'Nicole Oliver', 'Dori / Maid (voice)', 'Chantal Strand', 'Stacie Roberts (voice)', 'Kathleen Barr', 'Lydia (voice)', 'Veena Sood', 'Sparkles / Lily (voice)', 'Lara Janine', 'Melody (singing voice)']"
CJ7,01/31/2008 ,72.0,"Comedy, Drama, Family, Fantasy, Science Fiction","Ti, a really poor construction worker that struggles to keep his son, Dicky, in private school, mistakes an orb he finds in a junkjard for a toy which proves to be much, much more once the young boy starts to play with it.","Stephen Chow, Ti Chow, Xu Jiao, Dicky Chow, Kitty Zhang, Miss Yuen, Lam Tze-chung, Boss, Lee Sheung-Ching, Mr. Cao, Yao Wen-Xue, Storm Dragon, Steven Fung Min-Hang, P.E. Teacher, Han Yonghua, Maggie, Huang Lei, Chen Junsheng", 長江七號, Released,Cantonese,24292400.0,47301471.0,AU,01/31/2008,2008-01-31,"['Stephen Chow', 'Ti Chow', 'Xu Jiao', 'Dicky Chow', 'Kitty Zhang', 'Miss Yuen', 'Lam Tze-chung', 'Boss', 'Lee Sheung-Ching', 'Mr. Cao', 'Yao Wen-Xue', 'Storm Dragon', 'Steven Fung Min-Hang', 'P.E. Teacher', 'Han Yonghua', 'Maggie', 'Huang Lei', 'Chen Junsheng']"
Saw V,10/23/2008 ,62.0,"Horror, Thriller, Crime","Detective Hoffman is seemingly the last person alive to carry on the Jigsaw legacy. But when his secret is threatened, he must go on the hunt to eliminate all the loose ends.","Tobin Bell, John Kramer / Jigsaw, Costas Mandylor, Mark Hoffman, Scott Patterson, Agent Strahm, Betsy Russell, Jill Tuck, Julie Benz, Brit, Meagan Good, Luba, Mark Rolston, Dan Erickson, Carlo Rota, Charles, Greg Bryk, Mallick",Saw V, Released,English,10800000.0,118209778.0,AU,10/23/2008,2008-10-23,"['Tobin Bell', 'John Kramer / Jigsaw', 'Costas Mandylor', 'Mark Hoffman', 'Scott Patterson', 'Agent Strahm', 'Betsy Russell', 'Jill Tuck', 'Julie Benz', 'Brit', 'Meagan Good', 'Luba', 'Mark Rolston', 'Dan Erickson', 'Carlo Rota', 'Charles', 'Greg Bryk', 'Mallick']"
Horton Hears a Who!,03/20/2008 ,65.0,"Animation, Comedy, Family, Adventure, Fantasy","One day, Horton the elephant hears a cry from help coming from a speck of dust. Even though he can't see anyone on the speck, he decides to help it. As it turns out, the speck of dust is home to the Whos, who live in their city of Whoville. Horton agrees to help protect the Whos and their home.","Jim Carrey, Horton (voice), Steve Carell, Mayor Ned McDodd (voice), Carol Burnett, Kangaroo (voice), Will Arnett, Vlad (voice), Seth Rogen, Morton (voice), Dan Fogler, Councilman / Yummo Wickersham (voice), Isla Fisher, Dr. Mary Lou Larue (voice), Jonah Hill, Tommy (voice), Amy Poehler, Sally O'Malley (voice)",Horton Hears a Who!, Released,English,85000000.0,298572799.0,AU,03/20/2008,2008-03-20,"['Jim Carrey', 'Horton (voice)', 'Steve Carell', 'Mayor Ned McDodd (voice)', 'Carol Burnett', 'Kangaroo (voice)', 'Will Arnett', 'Vlad (voice)', 'Seth Rogen', 'Morton (voice)', 'Dan Fogler', 'Councilman / Yummo Wickersham (voice)', 'Isla Fisher', 'Dr. Mary Lou Larue (voice)', 'Jonah Hill', 'Tommy (voice)', 'Amy Poehler', ""Sally O'Malley (voice)""]"
You Don't Mess with the Zohan,08/15/2008 ,57.0,"Comedy, Action",An Israeli counterterrorism soldier with a secretly fabulous ambition to become a Manhattan hairstylist. Zohan's desire runs so deep that he'll do anything -- including faking his own death and going head-to-head with an Arab cab driver -- to make his dreams come true.,"Adam Sandler, Zohan Dvir, Emmanuelle Chriqui, Dalia Hakbarah, John Turturro, Fatoush ""The Phantom"" Hakbarah, Nick Swardson, Michael Klayman, Lainie Kazan, Gail Klayman, Rob Schneider, Salim Yousfobdal, Kevin Nealon, Kevin, Mariah Carey, Mariah Carey, Yamit Sol, Dorit",You Don't Mess with the Zohan, Released,English,90000000.0,204313400.0,AU,08/15/2008,2008-08-15,"['Adam Sandler', 'Zohan Dvir', 'Emmanuelle Chriqui', 'Dalia Hakbarah', 'John Turturro', 'Fatoush ""The Phantom"" Hakbarah', 'Nick Swardson', 'Michael Klayman', 'Lainie Kazan', 'Gail Klayman', 'Rob Schneider', 'Salim Yousfobdal', 'Kevin Nealon', 'Kevin', 'Mariah Carey', 'Mariah Carey', 'Yamit Sol', 'Dorit']"
Tropic Thunder,08/09/2008 ,66.0,"Action, Comedy, Adventure, War","Ben Stiller, Jack Black and Robert Downey Jr. lead an ensemble cast in 'Tropic Thunder,' an action comedy about a group of self-absorbed actors who set out to make the most expensive war film. After ballooning costs force the studio to cancel the movie, the frustrated director refuses to stop shooting, leading his cast into the jungles of Southeast Asia, where they encounter real bad guys.","Ben Stiller, Tugg Speedman, Jack Black, Jeff Portnoy, Robert Downey Jr., Kirk Lazarus, Tom Cruise, Les Grossmann, Nick Nolte, Four Leaf Tayback, Jay Baruchel, Kevin Sandusky, Brandon T. Jackson, Alpa Chino, Steve Coogan, Damien Cockburn, Matthew McConaughey, Rick Peck",Tropic Thunder, Released,English,90000000.0,191145256.0,AU,08/09/2008,2008-08-09,"['Ben Stiller', 'Tugg Speedman', 'Jack Black', 'Jeff Portnoy', 'Robert Downey Jr.', 'Kirk Lazarus', 'Tom Cruise', 'Les Grossmann', 'Nick Nolte', 'Four Leaf Tayback', 'Jay Baruchel', 'Kevin Sandusky', 'Brandon T. Jackson', 'Alpa Chino', 'Steve Coogan', 'Damien Cockburn', 'Matthew McConaughey', 'Rick Peck']"
Bedtime Stories,12/26/2008 ,61.0,"Fantasy, Comedy, Family, Romance",Skeeter Bronson is a down-on-his-luck guy who's always telling bedtime stories to his niece and nephew. But his life is turned upside down when the fantastical stories he makes up for entertainment inexplicably turn into reality. Can a bewildered Skeeter manage his own unruly fantasies now that the outrageous characters and situations from his mind have morphed into actual people and events?,"Adam Sandler, Skeeter Bronson, Keri Russell, Jill, Guy Pearce, Kendall, Courteney Cox, Wendy, Lucy Lawless, Aspen, Carmen Electra, Hot Girl, Jonathan Pryce, Marty Bronson, Richard Griffiths, Barry Nottingham, Teresa Palmer, Violet Nottingham",Bedtime Stories, Released,English,80000000.0,221468935.0,AU,12/26/2008,2008-12-26,"['Adam Sandler', 'Skeeter Bronson', 'Keri Russell', 'Jill', 'Guy Pearce', 'Kendall', 'Courteney Cox', 'Wendy', 'Lucy Lawless', 'Aspen', 'Carmen Electra', 'Hot Girl', 'Jonathan Pryce', 'Marty Bronson', 'Richard Griffiths', 'Barry Nottingham', 'Teresa Palmer', 'Violet Nottingham']"
Resident Evil: Degeneration,10/18/2008 ,68.0,"Animation, Horror, Action, Science Fiction","Leon S. Kennedy and Claire Redfield must battle a rogue warrior seeking revenge after unleashing the deadly G-Virus, whilst a mutated monster goes on a rampage.","Paul Mercier, Leon S. Kennedy (voice), Alyson Court, Claire Redfield (voice), Laura Bailey, Angela Miller (voice), Roger Craig Smith, Curtis Miller (voice), Crispin Freeman, Frederic Downing (voice), Michael Sorich, Senator Ron Davis (voice), Salli Saffioti, Ingrid Hunnigan (voice), Michelle Ruff, Rani Chawla (voice), Mary Elizabeth McGlynn, Rani's aunt (voice)", Baiohazâdo: Dijenerêshon, Released,English,157200000.0,798902641.4,AU,10/18/2008,2008-10-18,"['Paul Mercier', 'Leon S. Kennedy (voice)', 'Alyson Court', 'Claire Redfield (voice)', 'Laura Bailey', 'Angela Miller (voice)', 'Roger Craig Smith', 'Curtis Miller (voice)', 'Crispin Freeman', 'Frederic Downing (voice)', 'Michael Sorich', 'Senator Ron Davis (voice)', 'Salli Saffioti', 'Ingrid Hunnigan (voice)', 'Michelle Ruff', 'Rani Chawla (voice)', 'Mary Elizabeth McGlynn', ""Rani's aunt (voice)""]"
Step Up 2: The Streets,03/20/2008 ,67.0,"Music, Drama, Romance","When rebellious street dancer Andie lands at the elite Maryland School of the Arts, she finds herself fighting to fit in while also trying to hold onto her old life. When she joins forces with the schools hottest dancer, Chase, to form a crew of classmate outcasts to compete in Baltimore s underground dance battle The Streets.","Briana Evigan, Andie West, Robert Hoffman, Chase Collins, Will Kemp, Blake Collins, Cassie Ventura, Sophie Donovan, Adam Sevani, Moose, Danielle Polanco, Missy, Telisha Shaw, Felicia, Black Thomas, Tuck, Mari Koda, Jenny Kido",Step Up 2: The Streets, Released,English,23000000.0,150816700.0,AU,03/20/2008,2008-03-20,"['Briana Evigan', 'Andie West', 'Robert Hoffman', 'Chase Collins', 'Will Kemp', 'Blake Collins', 'Cassie Ventura', 'Sophie Donovan', 'Adam Sevani', 'Moose', 'Danielle Polanco', 'Missy', 'Telisha Shaw', 'Felicia', 'Black Thomas', 'Tuck', 'Mari Koda', 'Jenny Kido']"
Death Race,10/30/2008 ,62.0,"Action, Thriller, Science Fiction","Terminal Island, New York: 2020. Overcrowding in the US penal system has reached a breaking point. Prisons have been turned over to a monolithic Weyland Corporation, which sees jails full of thugs as an opportunity for televised sport. Adrenalized inmates, a global audience hungry for violence and a spectacular, enclosed arena come together to form the 'Death Race', the biggest, most brutal event.","Jason Statham, Jensen Ames, Joan Allen, Warden Hennessey, Ian McShane, Coach, Tyrese Gibson, Machine Gun Joe Mason, Natalie Martinez, Elizabeth Case, Max Ryan, Pachenko, Jason Clarke, Guard Ulrich, Frederick Koehler, Lists, Jacob Vargas, Gunner",Death Race, Released,English,65000000.0,72516819.0,AU,10/30/2008,2008-10-30,"['Jason Statham', 'Jensen Ames', 'Joan Allen', 'Warden Hennessey', 'Ian McShane', 'Coach', 'Tyrese Gibson', 'Machine Gun Joe Mason', 'Natalie Martinez', 'Elizabeth Case', 'Max Ryan', 'Pachenko', 'Jason Clarke', 'Guard Ulrich', 'Frederick Koehler', 'Lists', 'Jacob Vargas', 'Gunner']"
The Happening,06/12/2008 ,53.0,"Thriller, Science Fiction","When a deadly airborne virus threatens to wipe out the northeastern United States, teacher Elliott Moore and his wife Alma flee from contaminated cities into the countryside in a fight to discover the truth. Is it terrorism, the accidental release of some toxic military bio weapon -- or something even more sinister?","Mark Wahlberg, Elliot Moore, Zooey Deschanel, Alma Moore, John Leguizamo, Julian, Ashlyn Sanchez, Jess, Betty Buckley, Mrs. Jones, Spencer Breslin, Josh, Robert Bailey Jr., Jared, Frank Collison, Nursery Owner, Jeremy Strong, Private Auster",The Happening, Released,English,60000000.0,162778384.0,AU,06/12/2008,2008-06-12,"['Mark Wahlberg', 'Elliot Moore', 'Zooey Deschanel', 'Alma Moore', 'John Leguizamo', 'Julian', 'Ashlyn Sanchez', 'Jess', 'Betty Buckley', 'Mrs. Jones', 'Spencer Breslin', 'Josh', 'Robert Bailey Jr.', 'Jared', 'Frank Collison', 'Nursery Owner', 'Jeremy Strong', 'Private Auster']"
Mamma Mia!,07/10/2008 ,70.0,"Comedy, Romance","An independent, single mother who owns a small hotel on a Greek island is about to marry off the spirited young daughter she's raised alone. But, the daughter has secretly invited three of her mother's ex-lovers in the hopes of finding her biological father.","Meryl Streep, Donna Sheridan, Amanda Seyfried, Sophie Sheridan, Pierce Brosnan, Sam Carmichael, Stellan Skarsgård, Bill Anderson, Colin Firth, Harry Bright, Julie Walters, Rosie Mulligan, Christine Baranski, Tanya Chesham-Leigh, Rachel McDowall, Lisa, Nancy Baldwin, Sam's PA",Mamma Mia!, Released,English,52000000.0,590493991.0,AU,07/10/2008,2008-07-10,"['Meryl Streep', 'Donna Sheridan', 'Amanda Seyfried', 'Sophie Sheridan', 'Pierce Brosnan', 'Sam Carmichael', 'Stellan Skarsgård', 'Bill Anderson', 'Colin Firth', 'Harry Bright', 'Julie Walters', 'Rosie Mulligan', 'Christine Baranski', 'Tanya Chesham-Leigh', 'Rachel McDowall', 'Lisa', 'Nancy Baldwin', ""Sam's PA""]"
Meet the Spartans,02/28/2008 ,40.0,Comedy,"The heroic Leonidas, armed with nothing but leather underwear and a cape, leads a ragtag group of 13 Spartans to defend their homeland against the invading Persians (whose ranks include Ghost Rider, Rocky Balboa, the Transformers, and a hunchbacked Paris Hilton). No one is safe when the Spartans take on the biggest icons in pop culture!","Sean Maguire, Leonidas, Carmen Electra, Queen Margo, Ken Davitian, Xerxes, Kevin Sorbo, Hauptmann, Diedrich Bader, Traitoro, Method Man, Persian Emissary, Ike Barinholtz, Dane Cook Look-a-Like / Bond Villain / Prophet, Lauren Walsh, Pretty Girl, Tiffany Haddish, Urban Girl",Meet the Spartans, Released,English,30000000.0,84646831.0,AU,02/28/2008,2008-02-28,"['Sean Maguire', 'Leonidas', 'Carmen Electra', 'Queen Margo', 'Ken Davitian', 'Xerxes', 'Kevin Sorbo', 'Hauptmann', 'Diedrich Bader', 'Traitoro', 'Method Man', 'Persian Emissary', 'Ike Barinholtz', 'Dane Cook Look-a-Like / Bond Villain / Prophet', 'Lauren Walsh', 'Pretty Girl', 'Tiffany Haddish', 'Urban Girl']"
High School Musical 3: Senior Year,10/11/2008 ,66.0,"Comedy, Romance, Drama, Family, Music","It's almost graduation day for high school seniors Troy, Gabriella, Sharpay, Chad, Ryan and Taylor — and the thought of heading off in separate directions after leaving East High has these Wildcats thinking they need to do something they'll remember forever. Together with the rest of the Wildcats, they stage a spring musical reflecting their hopes and fears about the future and their unforgettable experiences growing up together. Will their final show break them apart or bring them together for the greatest moment in Wildcat history?","Zac Efron, Troy Bolton, Vanessa Hudgens, Gabriella Montez, Ashley Tisdale, Sharpay Evans, Lucas Grabeel, Ryan Evans, Corbin Bleu, Chad Danforth, Monique Coleman, Taylor McKessie, Olesya Rulin, Kelsi Nielson, Chris Warren, Zeke Baylor, Ryne Sanborn, Jason Cross",High School Musical 3: Senior Year, Released,English,11000000.0,274392880.0,AU,10/11/2008,2008-10-11,"['Zac Efron', 'Troy Bolton', 'Vanessa Hudgens', 'Gabriella Montez', 'Ashley Tisdale', 'Sharpay Evans', 'Lucas Grabeel', 'Ryan Evans', 'Corbin Bleu', 'Chad Danforth', 'Monique Coleman', 'Taylor McKessie', 'Olesya Rulin', 'Kelsi Nielson', 'Chris Warren', 'Zeke Baylor', 'Ryne Sanborn', 'Jason Cross']"
Wanted,07/31/2008 ,65.0,"Action, Thriller, Crime","Doormat Wesley Gibson discovers that his recently murdered father - who Wesley never knew - belonged to a secret guild of assassins. After a leather-clad sexpot drafts Wesley into the society, he hones his innate killing skills and turns avenger.","James McAvoy, Wesley Gibson, Angelina Jolie, Fox, Morgan Freeman, Sloan, Terence Stamp, Pekwarsky, Thomas Kretschmann, Cross, Common, The Gunsmith, Kristen Hager, Cathy, Marc Warren, The Repairman, David O'Hara, Mr. X",Wanted, Released,English,75000000.0,342416460.0,AU,07/31/2008,2008-07-31,"['James McAvoy', 'Wesley Gibson', 'Angelina Jolie', 'Fox', 'Morgan Freeman', 'Sloan', 'Terence Stamp', 'Pekwarsky', 'Thomas Kretschmann', 'Cross', 'Common', 'The Gunsmith', 'Kristen Hager', 'Cathy', 'Marc Warren', 'The Repairman', ""David O'Hara"", 'Mr. X']"
The Orphanage,05/29/2008 ,72.0,"Horror, Drama, Thriller","A woman brings her family back to her childhood home, which used to be an orphanage, intent on reopening it. Before long, her son starts to communicate with a new invisible friend.","Belén Rueda, Laura, Fernando Cayo, Carlos, Roger Príncep, Simón, Mabel Rivera, Pilar, Montserrat Carulla, Benigna, Andrés Gertrúdix, Enrique, Edgar Vivar, Balaban, Óscar Casas, Tomás, Geraldine Chaplin, Aurora", El orfanato, Released,"Spanish, Castilian",3400000.0,78638987.0,AU,05/29/2008,2008-05-29,"['Belén Rueda', 'Laura', 'Fernando Cayo', 'Carlos', 'Roger Príncep', 'Simón', 'Mabel Rivera', 'Pilar', 'Montserrat Carulla', 'Benigna', 'Andrés Gertrúdix', 'Enrique', 'Edgar Vivar', 'Balaban', 'Óscar Casas', 'Tomás', 'Geraldine Chaplin', 'Aurora']"
Doomsday,10/01/2008 ,60.0,"Action, Thriller, Science Fiction","The lethal Reaper virus spreads throughout Britain—infecting millions and killing hundreds of thousands. Authorities brutally and successfully quarantine the country but, three decades later, the virus resurfaces in a major city. An elite group of specialists is urgently dispatched into the still-quarantined country to retrieve a cure by any means necessary. Shut off from the rest of the world, the unit must battle through a landscape that has become a waking nightmare.","Rhona Mitra, Eden Sinclair, Bob Hoskins, Bill Nelson, Adrian Lester, Sergeant Norton, Alexander Siddig, Prime Minister John Hatcher, David O'Hara, Michael Canaris, Malcolm McDowell, Dr. Marcus Kane, Sean Pertwee, Dr. Talbot, MyAnna Buring, Cally Kane, Emma Cleasby, Katherine Sinclair",Doomsday, Released,English,33000000.0,21621188.0,AU,10/01/2008,2008-10-01,"['Rhona Mitra', 'Eden Sinclair', 'Bob Hoskins', 'Bill Nelson', 'Adrian Lester', 'Sergeant Norton', 'Alexander Siddig', 'Prime Minister John Hatcher', ""David O'Hara"", 'Michael Canaris', 'Malcolm McDowell', 'Dr. Marcus Kane', 'Sean Pertwee', 'Dr. Talbot', 'MyAnna Buring', 'Cally Kane', 'Emma Cleasby', 'Katherine Sinclair']"
Hellboy II: The Golden Army,07/29/2008 ,68.0,"Fantasy, Action","Hellboy, his pyrokinetic girlfriend, Liz, and aquatic empath, Abe Sapien, face their biggest battle when an underworld elven prince plans to reclaim Earth for his magical kindred. Tired of living in the shadow of humans, Prince Nuada tries to awaken an ancient force of killing machines, the all-powerful Golden Army, to clear the way for fantasy creatures to roam free. Only Hellboy can stop the dark prince and prevent humanity's annihilation.","Ron Perlman, Hellboy, Selma Blair, Liz Sherman, Doug Jones, Abe Sapien, John Alexander, Johann Krauss / Bethmoora Goblin, Seth MacFarlane, Johann (voice), Luke Goss, Prince Nuada, Anna Walton, Princess Nuala, Jeffrey Tambor, Tom Manning, John Hurt, Trevor Bruttenholm",Hellboy II: The Golden Army, Released,English,82500000.0,160388063.0,AU,07/29/2008,2008-07-29,"['Ron Perlman', 'Hellboy', 'Selma Blair', 'Liz Sherman', 'Doug Jones', 'Abe Sapien', 'John Alexander', 'Johann Krauss / Bethmoora Goblin', 'Seth MacFarlane', 'Johann (voice)', 'Luke Goss', 'Prince Nuada', 'Anna Walton', 'Princess Nuala', 'Jeffrey Tambor', 'Tom Manning', 'John Hurt', 'Trevor Bruttenholm']"
The Spiderwick Chronicles,03/21/2008 ,66.0,"Family, Adventure, Fantasy","Upon moving into the run-down Spiderwick Estate with their mother, twin brothers Jared and Simon Grace, along with their sister Mallory, find themselves pulled into an alternate world full of faeries and other creatures.","Sarah Bolger, Mallory Grace, Jordy Benattar, Young Lucinda Spiderwick, Mary-Louise Parker, Helen Grace, Nick Nolte, Mulgarath, Andrew McCarthy, Richard Grace, Lise Durocher-Viens, Mrs. Spiderwick, Freddie Highmore, Jared Grace / Simon Grace, Joan Plowright, Aunt Lucinda Spiderwick, David Strathairn, Arthur Spiderwick",The Spiderwick Chronicles, Released,English,92500000.0,162839667.0,AU,03/21/2008,2008-03-21,"['Sarah Bolger', 'Mallory Grace', 'Jordy Benattar', 'Young Lucinda Spiderwick', 'Mary-Louise Parker', 'Helen Grace', 'Nick Nolte', 'Mulgarath', 'Andrew McCarthy', 'Richard Grace', 'Lise Durocher-Viens', 'Mrs. Spiderwick', 'Freddie Highmore', 'Jared Grace / Simon Grace', 'Joan Plowright', 'Aunt Lucinda Spiderwick', 'David Strathairn', 'Arthur Spiderwick']"
The Girl Who Leapt Through Time,05/24/2008 ,78.0,"Fantasy, Animation, Drama, Science Fiction","When 17-year-old Makoto Konno gains the ability to, quite literally, ""leap"" backwards through time, she immediately sets about improving her grades and preventing personal mishaps. However, she soon realises that changing the past isn't as simple as it seems, and eventually, will have to rely on her new powers to shape the future of herself and her friends.","Riisa Naka, Makoto Konno (voice), Takuya Ishida, Chiaki Mamiya (voice), Mitsutaka Itakura, Kousuke Tsuda (voice), Ayami Kakiuchi, Yuri Hayakawa (voice), Mitsuki Tanimura, Kaho Fujitani (voice), Yuki Sekido, Miyuki Konno (voice), Utawaka Katsura, Makoto's Father (voice), Midori Ando, Makoto's Mother (voice), Fumihiko Tachiki, Fukushima (voice)", 時をかける少女, Released,Japanese,44461149.2,3800000.0,AU,05/24/2008,2008-05-24,"['Riisa Naka', 'Makoto Konno (voice)', 'Takuya Ishida', 'Chiaki Mamiya (voice)', 'Mitsutaka Itakura', 'Kousuke Tsuda (voice)', 'Ayami Kakiuchi', 'Yuri Hayakawa (voice)', 'Mitsuki Tanimura', 'Kaho Fujitani (voice)', 'Yuki Sekido', 'Miyuki Konno (voice)', 'Utawaka Katsura', ""Makoto's Father (voice)"", 'Midori Ando', ""Makoto's Mother (voice)"", 'Fumihiko Tachiki', 'Fukushima (voice)']"
The Babysitters,05/09/2008 ,59.0,Drama,"Seventeen-year-old Shirley is a good student who works as a babysitter in order to make money for college. One night Michael, a father Shirley works for, confesses he's unhappy with married life. Shirley has a crush on Michael, and seizes this moment to kiss him. Michael is so happy he presents Shirley with a big tip, which gives her an idea. Shirley plans to make extra money by setting up her teenage friends with other unhappy fathers.","John Leguizamo, Michael Beltran, Katherine Waterston, Shirley Lyner, Cynthia Nixon, Gail Beltran, Andy Comeau, Jerry Tuchman, Denis O'Hare, Stan Lyner, Lauren Birkell, Melissa Rowan, Louisa Krause, Brenda Woodberg, Halley Wegryn Gross, Nadine Woodberg, Ann Dowd, Tammy Lyner",The Babysitters, Released,English,5838800.0,44852.0,US,05/09/2008,2008-05-09,"['John Leguizamo', 'Michael Beltran', 'Katherine Waterston', 'Shirley Lyner', 'Cynthia Nixon', 'Gail Beltran', 'Andy Comeau', 'Jerry Tuchman', ""Denis O'Hare"", 'Stan Lyner', 'Lauren Birkell', 'Melissa Rowan', 'Louisa Krause', 'Brenda Woodberg', 'Halley Wegryn Gross', 'Nadine Woodberg', 'Ann Dowd', 'Tammy Lyner']"
The Day the Earth Stood Still,12/17/2008 ,56.0,"Drama, Science Fiction, Thriller","A representative of an alien race that went through drastic evolution to survive its own climate change, Klaatu comes to Earth to assess whether humanity can prevent the environmental damage they have inflicted on their own planet. When barred from speaking to the United Nations, he decides humankind shall be exterminated so the planet can survive.","Keanu Reeves, Klaatu, Jennifer Connelly, Helen Benson, Jaden Smith, Jacob Benson, Jon Hamm, Michael Granier, Kathy Bates, Regina Jackson, John Cleese, Professor Barnhardt, Kyle Chandler, John Driscoll, Robert Knepper, Colonel, Brandon T. Jackson, Target Tech",The Day the Earth Stood Still, Released,English,80000000.0,237370350.0,AU,12/17/2008,2008-12-17,"['Keanu Reeves', 'Klaatu', 'Jennifer Connelly', 'Helen Benson', 'Jaden Smith', 'Jacob Benson', 'Jon Hamm', 'Michael Granier', 'Kathy Bates', 'Regina Jackson', 'John Cleese', 'Professor Barnhardt', 'Kyle Chandler', 'John Driscoll', 'Robert Knepper', 'Colonel', 'Brandon T. Jackson', 'Target Tech']"
The Day the Earth Stood Still,12/17/2008 ,56.0,"Drama, Science Fiction, Thriller","A representative of an alien race that went through drastic evolution to survive its own climate change, Klaatu comes to Earth to assess whether humanity can prevent the environmental damage they have inflicted on their own planet. When barred from speaking to the United Nations, he decides humankind shall be exterminated so the planet can survive.","Keanu Reeves, Klaatu, Jennifer Connelly, Helen Benson, Jaden Smith, Jacob Benson, Jon Hamm, Michael Granier, Kathy Bates, Regina Jackson, John Cleese, Professor Barnhardt, Kyle Chandler, John Driscoll, Robert Knepper, Colonel, Brandon T. Jackson, Target Tech",The Day the Earth Stood Still, Released,English,1200000.0,3700000.0,AU,12/17/2008,2008-12-17,"['Keanu Reeves', 'Klaatu', 'Jennifer Connelly', 'Helen Benson', 'Jaden Smith', 'Jacob Benson', 'Jon Hamm', 'Michael Granier', 'Kathy Bates', 'Regina Jackson', 'John Cleese', 'Professor Barnhardt', 'Kyle Chandler', 'John Driscoll', 'Robert Knepper', 'Colonel', 'Brandon T. Jackson', 'Target Tech']"
Quantum of Solace,10/31/2008 ,63.0,"Adventure, Action, Thriller, Crime","Quantum of Solace continues the adventures of James Bond after Casino Royale. Betrayed by Vesper, the woman he loved, 007 fights the urge to make his latest mission personal. Pursuing his determination to uncover the truth, Bond and M interrogate Mr. White, who reveals that the organization that blackmailed Vesper is far more complex and dangerous than anyone had imagined.","Daniel Craig, James Bond, Olga Kurylenko, Camille Montes, Mathieu Amalric, Dominic Greene, Judi Dench, M, Giancarlo Giannini, René Mathis, Jesper Christensen, Mr. White, Gemma Arterton, Strawberry Fields, Jeffrey Wright, Felix Leiter, Rory Kinnear, Bill Tanner",Quantum of Solace, Released,English,230000000.0,591692078.0,AU,10/31/2008,2008-10-31,"['Daniel Craig', 'James Bond', 'Olga Kurylenko', 'Camille Montes', 'Mathieu Amalric', 'Dominic Greene', 'Judi Dench', 'M', 'Giancarlo Giannini', 'René Mathis', 'Jesper Christensen', 'Mr. White', 'Gemma Arterton', 'Strawberry Fields', 'Jeffrey Wright', 'Felix Leiter', 'Rory Kinnear', 'Bill Tanner']"
[REC],05/16/2008 ,72.0,"Horror, Mystery",A television reporter and cameraman follow emergency workers into a dark apartment building and are quickly locked inside with something terrifying.,"Manuela Velasco, Ángela Vidal, Ferrán Terraza, Manu, Martha Carbonell, Mrs. Izquierdo, David Vert, Álex, Carlos Lasarte, César, Pablo Rosso, Pablo, Vicente Gil, Old Police Officer, Carlos Vicente, Guillem, María Lanau, Hysterical Mother",[REC], Released,"Spanish, Castilian",1500000.0,32511655.0,AU,05/16/2008,2008-05-16,"['Manuela Velasco', 'Ángela Vidal', 'Ferrán Terraza', 'Manu', 'Martha Carbonell', 'Mrs. Izquierdo', 'David Vert', 'Álex', 'Carlos Lasarte', 'César', 'Pablo Rosso', 'Pablo', 'Vicente Gil', 'Old Police Officer', 'Carlos Vicente', 'Guillem', 'María Lanau', 'Hysterical Mother']"
"10,000 BC",03/05/2008 ,54.0,"Adventure, Action, Drama, Fantasy",A prehistoric epic that follows a young mammoth hunter's journey through uncharted territory to secure the future of his tribe.,"Steven Strait, D’Leh, Camilla Belle, Evolet, Cliff Curtis, Tic-Tic, Nathanael Baring, Baku, Mo Zinal, Ka’Ren, Affif Ben Badra, Warlord, Mona Hammond, Old Mother, Marco Khan, One-Eye, Reece Ritchie, Moha","10,000 BC", Released,English,105000000.0,269784201.0,AU,03/05/2008,2008-03-05,"['Steven Strait', 'D’Leh', 'Camilla Belle', 'Evolet', 'Cliff Curtis', 'Tic-Tic', 'Nathanael Baring', 'Baku', 'Mo Zinal', 'Ka’Ren', 'Affif Ben Badra', 'Warlord', 'Mona Hammond', 'Old Mother', 'Marco Khan', 'One-Eye', 'Reece Ritchie', 'Moha']"
Evangelion: 1.0 You Are (Not) Alone,09/10/2008 ,76.0,"Animation, Science Fiction, Action, Drama","After the Second Impact, Tokyo-3 is being attacked by giant monsters called Angels that seek to eradicate humankind. The child Shinji's objective is to fight the Angels by piloting one of the mysterious Evangelion mecha units. A remake of the first six episodes of GAINAX's famous 1996 anime series. The film was retitled ""Evangelion: 1.01"" for its home video version and ""Evangelion: 1.11"" for a release with additional scenes.","Megumi Ogata, Shinji Ikari (voice), Megumi Hayashibara, Rei Ayanami / Yui Ikari (voice), Kotono Mitsuishi, Misato Katsuragi (voice), Yuriko Yamaguchi, Ritsuko Akagi (voice), Akira Ishida, Kaworu Nagisa (voice), Fumihiko Tachiki, Gendo Ikari (voice), Motomu Kiyokawa, Kozo Fuyutsuki (voice), Miki Nagasawa, Maya Ibuki (voice), Takehito Koyasu, Shigeru Aoba (voice)", ヱヴァンゲリヲン新劇場版：序, Released,Japanese,37504333.2,20000000.0,AU,09/10/2008,2008-09-10,"['Megumi Ogata', 'Shinji Ikari (voice)', 'Megumi Hayashibara', 'Rei Ayanami / Yui Ikari (voice)', 'Kotono Mitsuishi', 'Misato Katsuragi (voice)', 'Yuriko Yamaguchi', 'Ritsuko Akagi (voice)', 'Akira Ishida', 'Kaworu Nagisa (voice)', 'Fumihiko Tachiki', 'Gendo Ikari (voice)', 'Motomu Kiyokawa', 'Kozo Fuyutsuki (voice)', 'Miki Nagasawa', 'Maya Ibuki (voice)', 'Takehito Koyasu', 'Shigeru Aoba (voice)']"
Star Wars: The Clone Wars,08/14/2008 ,61.0,"Animation, Action, Science Fiction, Adventure","Set between Episode II and III, The Clone Wars is the first computer animated Star Wars film. Anakin and Obi Wan must find out who kidnapped Jabba the Hutt's son and return him safely. The Separatists will try anything to stop them and ruin any chance of a diplomatic agreement between the Hutts and the Republic.","Matt Lanter, Anakin Skywalker (voice), Ashley Eckstein, Ahsoka Tano (voice), James Arnold Taylor, Obi-Wan Kenobi / 4A-7 / Medical Droid (voice), Dee Bradley Baker, Captain Rex / Commander Cody / Commander Fox / Clone Troopers (voice), Tom Kane, Narrator / Yoda / Admiral Yularen (voice), Nika Futterman, Asajj Ventress / Tee-C-Seventy (voice), Ian Abercrombie, Chancellor Palpatine / Darth Sidious (voice), Corey Burton, Ziro the Hutt / General Loathsom / Kronos-327 (voice), Catherine Taber, Padmé Amidala (voice)",Star Wars: The Clone Wars, Released,English,8500000.0,68695443.0,AU,08/14/2008,2008-08-14,"['Matt Lanter', 'Anakin Skywalker (voice)', 'Ashley Eckstein', 'Ahsoka Tano (voice)', 'James Arnold Taylor', 'Obi-Wan Kenobi / 4A-7 / Medical Droid (voice)', 'Dee Bradley Baker', 'Captain Rex / Commander Cody / Commander Fox / Clone Troopers (voice)', 'Tom Kane', 'Narrator / Yoda / Admiral Yularen (voice)', 'Nika Futterman', 'Asajj Ventress / Tee-C-Seventy (voice)', 'Ian Abercrombie', 'Chancellor Palpatine / Darth Sidious (voice)', 'Corey Burton', 'Ziro the Hutt / General Loathsom / Kronos-327 (voice)', 'Catherine Taber', 'Padmé Amidala (voice)']"
The Strangers,05/30/2008 ,61.0,"Horror, Mystery, Thriller","After returning from a wedding reception, a couple staying in an isolated vacation house receive a knock on the door in the mid-hours of the night. What ensues is a violent invasion by three strangers, their faces hidden behind masks. The couple find themselves in a violent struggle, in which they go beyond what either of them thought capable in order to survive.","Liv Tyler, Kristen McKay, Scott Speedman, James Hoyt, Gemma Ward, Dollface, Kip Weeks, Man in the Mask, Laura Margolis, Pin-Up Girl, Glenn Howerton, Mike, Alex Fisher, Mormon Boy #1, Peter Clayton-Luce, Mormon Boy #2, Nick Barghini, Joe - Lumberjack (uncredited)",The Strangers, Released,English,9000000.0,83051676.0,US,05/30/2008,2008-05-30,"['Liv Tyler', 'Kristen McKay', 'Scott Speedman', 'James Hoyt', 'Gemma Ward', 'Dollface', 'Kip Weeks', 'Man in the Mask', 'Laura Margolis', 'Pin-Up Girl', 'Glenn Howerton', 'Mike', 'Alex Fisher', 'Mormon Boy #1', 'Peter Clayton-Luce', 'Mormon Boy #2', 'Nick Barghini', 'Joe - Lumberjack (uncredited)']"
National Treasure: Book of Secrets,02/08/2008 ,63.0,"Action, Adventure, Mystery, Thriller","Benjamin Franklin Gates and Dr. Abigail Chase re-team with Riley Poole and, now armed with a stack of long-lost pages from John Wilkes Booth's diary, Ben must follow a clue left there to prove his ancestor's innocence in the assassination of Abraham Lincoln.","Nicolas Cage, Benjamin Franklin Gates, Jon Voight, Patrick Gates, Harvey Keitel, Agent Sadusky, Ed Harris, Mitch Wilkinson, Diane Kruger, Abigail Chase, Justin Bartha, Riley Poole, Helen Mirren, Emily Appleton, Bruce Greenwood, USA President, Ty Burrell, Connor",National Treasure: Book of Secrets, Released,English,130000000.0,459242249.0,AU,02/08/2008,2008-02-08,"['Nicolas Cage', 'Benjamin Franklin Gates', 'Jon Voight', 'Patrick Gates', 'Harvey Keitel', 'Agent Sadusky', 'Ed Harris', 'Mitch Wilkinson', 'Diane Kruger', 'Abigail Chase', 'Justin Bartha', 'Riley Poole', 'Helen Mirren', 'Emily Appleton', 'Bruce Greenwood', 'USA President', 'Ty Burrell', 'Connor']"
American Gangster,01/09/2008 ,76.0,"Drama, Crime","Following the death of his employer and mentor, Bumpy Johnson, Frank Lucas establishes himself as the number one importer of heroin in the Harlem district of Manhattan. He does so by buying heroin directly from the source in South East Asia and he comes up with a unique way of importing the drugs into the United States. Partly based on a true story.","Russell Crowe, Richie Roberts, Denzel Washington, Frank Lucas, Chiwetel Ejiofor, Huey Lucas, Cuba Gooding Jr., Nicky Barnes, Josh Brolin, Detective Trupo, Ted Levine, Lou Toback, Armand Assante, Dominic Cattano, John Ortiz, Javier J. Rivera, John Hawkes, Freddie Spearman",American Gangster, Released,English,100000000.0,267985456.0,AU,01/09/2008,2008-01-09,"['Russell Crowe', 'Richie Roberts', 'Denzel Washington', 'Frank Lucas', 'Chiwetel Ejiofor', 'Huey Lucas', 'Cuba Gooding Jr.', 'Nicky Barnes', 'Josh Brolin', 'Detective Trupo', 'Ted Levine', 'Lou Toback', 'Armand Assante', 'Dominic Cattano', 'John Ortiz', 'Javier J. Rivera', 'John Hawkes', 'Freddie Spearman']"
21,05/15/2008 ,67.0,"Drama, Crime","Ben Campbell is a young, highly intelligent, student at M.I.T. who strives to succeed. Wanting a scholarship to transfer to Harvard School of Medicine to become a doctor, Ben learns that he cannot afford the $300,000 tuition as he comes from a poor, working-class background. But one evening, Ben is introduced by his unorthodox math professor to  a small but secretive club.  Students Jill, Choi, Kianna, and Fisher, who are being trained by Professor Rosa in to count cards at blackjack.","Jim Sturgess, Ben Campbell, Kevin Spacey, Micky Rosa, Kate Bosworth, Jill Taylor, Aaron Yoo, Choi, Liza Lapira, Kianna, Jacob Pitts, Fisher, Laurence Fishburne, Cole Williams, Jack McGee, Terry, Josh Gad, Miles",21, Released,English,35000000.0,159846429.0,AU,05/15/2008,2008-05-15,"['Jim Sturgess', 'Ben Campbell', 'Kevin Spacey', 'Micky Rosa', 'Kate Bosworth', 'Jill Taylor', 'Aaron Yoo', 'Choi', 'Liza Lapira', 'Kianna', 'Jacob Pitts', 'Fisher', 'Laurence Fishburne', 'Cole Williams', 'Jack McGee', 'Terry', 'Josh Gad', 'Miles']"
Fool's Gold,02/07/2008 ,57.0,"Romance, Comedy, Adventure","Treasure hunter Ben ""Finn"" Finnegan has sunk his marriage to Tess and his trusty boat in his obsessive quest to find the legendary Queen's Dowry. When he finds a vital clue that may finally pinpoint the treasure's whereabouts, he drags Tess and her boss, billionaire Nigel Honeycutt, along on the hunt. But Finn is not the only one interested in the gold; his former mentor-turned-enemy Moe Fitch, hired by rapper-turned-gangster Bigg Bunny, will stop at nothing to beat him to it.","Matthew McConaughey, Ben 'Finn' Finnegan, Kate Hudson, Tess Finnegan, Donald Sutherland, Nigel Honeycutt, Alexis Dziena, Gemma Honeycutt, Ewen Bremner, Alfonz, Ray Winstone, Moe Fitch, Kevin Hart, Bigg Bunny, Malcolm-Jamal Warner, Cordell, Brian Hooks, Curtis",Fool's Gold, Released,English,70000000.0,111231041.0,AU,02/07/2008,2008-02-07,"['Matthew McConaughey', ""Ben 'Finn' Finnegan"", 'Kate Hudson', 'Tess Finnegan', 'Donald Sutherland', 'Nigel Honeycutt', 'Alexis Dziena', 'Gemma Honeycutt', 'Ewen Bremner', 'Alfonz', 'Ray Winstone', 'Moe Fitch', 'Kevin Hart', 'Bigg Bunny', 'Malcolm-Jamal Warner', 'Cordell', 'Brian Hooks', 'Curtis']"
Wild Child,09/18/2008 ,67.0,"Comedy, Drama, Romance","Sixteen-year-old Poppy has everything her unlimited credit cards can buy, and a spoiled attitude to match. After a final thoughtless prank, her exasperated father ships her off to boarding school in England. There, Poppy meets her match in a stern headmistress and a class full of girls who will not tolerate her selfishness.","Emma Roberts, Poppy Moore, Alex Pettyfer, Freddie Kingsley, Natasha Richardson, Mrs. Kingsley, Kimberley Nixon, Kate, Juno Temple, Jennifer 'Drippy' Logan, Johnny Pacar, Roddy, Linzey Cocker, Josie, Aidan Quinn, Gerry Moore, Georgia King, Harriet Bentley",Wild Child, Released,English,20000000.0,21972336.0,AU,09/18/2008,2008-09-18,"['Emma Roberts', 'Poppy Moore', 'Alex Pettyfer', 'Freddie Kingsley', 'Natasha Richardson', 'Mrs. Kingsley', 'Kimberley Nixon', 'Kate', 'Juno Temple', ""Jennifer 'Drippy' Logan"", 'Johnny Pacar', 'Roddy', 'Linzey Cocker', 'Josie', 'Aidan Quinn', 'Gerry Moore', 'Georgia King', 'Harriet Bentley']"
Anaconda 3: Offspring,07/26/2008 ,48.0,"Action, Horror, Adventure","Cancer-terminal tycoon Peter Murdoch's secret Wexel Hall Pharmaceuticals lab has developed a blood orchid extract cure. To examine why it works optimally in snakes, they also bread a super-anaconda strain. But the original pair escapes, leaving a bloody trail of corpses. Murdoch runs, instructing his staff to clean up. They keep failing and being eaten like unsuspecting locals, some alive, even after enlisting ruthless big game hunter Hammett. The fast-growing pregnant monster sheds its skin, thus disabling the only tracking device.","David Hasselhoff, Hammet, Crystal Allen, Amanda Hayes, Ryan McCluskey, Pinkus, Patrick Regis, Nik, Anthony Green, Captain Grozny, John Rhys-Davies, Murdoch, Alan O'Silva, Andrei, Toma Danila, Victor, Bogdan Uritescu, Dragosh",Anaconda 3: Offspring, Released,English,117000000.0,524253075.6,US,07/26/2008,2008-07-26,"['David Hasselhoff', 'Hammet', 'Crystal Allen', 'Amanda Hayes', 'Ryan McCluskey', 'Pinkus', 'Patrick Regis', 'Nik', 'Anthony Green', 'Captain Grozny', 'John Rhys-Davies', 'Murdoch', ""Alan O'Silva"", 'Andrei', 'Toma Danila', 'Victor', 'Bogdan Uritescu', 'Dragosh']"
Pokémon: The Rise of Darkrai,11/05/2008 ,69.0,"Family, Adventure, Animation, Fantasy, Action, Science Fiction","Ash and friends (this time accompanied by newcomer Dawn) arrive at an idyllic village on their way to their next Pokemon contest, where chaos will soon erupt with the prophecy of two Pokemon Gods (Dialga and Palkia) and the arrival of a mysterious, seemingly deadly Pokemon named Darkrai, which has the power to distort space and time.","Rica Matsumoto, Satoshi (voice), Ikue Otani, Pikachu (voice), Yuji Ueda, Takeshi (voice), Megumi Toyoguchi, Hikari (voice), Megumi Hayashibara, Musashi (voice), Ryuji Akiyama, Dai (voice), Kiyotaka Furushima, Buizel (voice), Inuko Inuyama, Nyarth (voice), Koji Ishizaka, Darkrai (voice)", 劇場版ポケットモンスター ダイヤモンド&パール ディアルガVSパルキアVSダークライ, Released,Japanese,51430000.0,42538454.0,AU,11/05/2008,2008-11-05,"['Rica Matsumoto', 'Satoshi (voice)', 'Ikue Otani', 'Pikachu (voice)', 'Yuji Ueda', 'Takeshi (voice)', 'Megumi Toyoguchi', 'Hikari (voice)', 'Megumi Hayashibara', 'Musashi (voice)', 'Ryuji Akiyama', 'Dai (voice)', 'Kiyotaka Furushima', 'Buizel (voice)', 'Inuko Inuyama', 'Nyarth (voice)', 'Koji Ishizaka', 'Darkrai (voice)']"
The Water Horse,01/10/2008 ,65.0,"Family, Adventure, Fantasy",A lonely boy discovers a mysterious egg that hatches a sea creature of Scottish legend.,"Alexander Nathan Etel, Angus MacMorrow, Emily Watson, Anne MacMorrow, Ben Chaplin, Lewis Mowbray, David Morrissey, Captain Thomas Hamilton, Priyanka Xi, Kirstie MacMorrow, Craig Hall, Charlie MacMorrow, Brian Cox, Old Angus, Erroll Shand, Lt. Wormsley, Joel Tobeck, Sgnt. Walker",The Water Horse, Released,English,40000000.0,103071443.0,AU,01/10/2008,2008-01-10,"['Alexander Nathan Etel', 'Angus MacMorrow', 'Emily Watson', 'Anne MacMorrow', 'Ben Chaplin', 'Lewis Mowbray', 'David Morrissey', 'Captain Thomas Hamilton', 'Priyanka Xi', 'Kirstie MacMorrow', 'Craig Hall', 'Charlie MacMorrow', 'Brian Cox', 'Old Angus', 'Erroll Shand', 'Lt. Wormsley', 'Joel Tobeck', 'Sgnt. Walker']"
Bleach the Movie: Fade to Black,12/13/2008 ,71.0,"Action, Animation, Fantasy, Drama","A mysterious reiatsu (spiritual particle) explosion occurs in the center of Seireitei in Soul Society, causing it to be destroyed. At the exact same time, a major change overwhelms Kuchiki Rukia, which leaves her losing something important inside. Urahara Kisuke sends Kurosaki Ichigo to Soul Society to investigate the disturbance. Upon reaching Seireitei, Ichigo is attacked by his ally shinigamis.","Masakazu Morita, Ichigo Kurosaki (voice), Fumiko Orikasa, Rukia Kuchiki (voice), Kentaro Ito, Renji Abarai (voice), Aya Hirano, Homura (voice), Hiroshi Kamiya, Shizuku (voice), Mitsuaki Madono, Kon (voice), Jun Fukuyama, Yumichika Ayasegawa (voice), Taro Yamaguchi, Sasakibe Choujiro (voice), Takako Honda, Jinta Hanakari (voice)", 劇場版 BLEACH Fade to Black 君の名を呼ぶ, Released,Japanese,27969400.0,6032296.0,JP,12/13/2008,2008-12-13,"['Masakazu Morita', 'Ichigo Kurosaki (voice)', 'Fumiko Orikasa', 'Rukia Kuchiki (voice)', 'Kentaro Ito', 'Renji Abarai (voice)', 'Aya Hirano', 'Homura (voice)', 'Hiroshi Kamiya', 'Shizuku (voice)', 'Mitsuaki Madono', 'Kon (voice)', 'Jun Fukuyama', 'Yumichika Ayasegawa (voice)', 'Taro Yamaguchi', 'Sasakibe Choujiro (voice)', 'Takako Honda', 'Jinta Hanakari (voice)']"
Sweeney Todd: The Demon Barber of Fleet Street,01/24/2008 ,72.0,"Drama, Horror","The infamous story of Benjamin Barker, a.k.a Sweeney Todd, who sets up a barber shop down in London which is the basis for a sinister partnership with his fellow tenant, Mrs. Lovett. Based on the hit Broadway musical.","Johnny Depp, Sweeney Todd, Helena Bonham Carter, Mrs. Lovett, Alan Rickman, Judge Turpin, Timothy Spall, Beadle, Sacha Baron Cohen, Pirelli, Laura Michelle Kelly, Lucy Barker, Jamie Campbell Bower, Anthony Hope, Jayne Wisener, Johanna Barker, Ed Sanders, Toby Ragg",Sweeney Todd: The Demon Barber of Fleet Street, Released,English,50000000.0,152000000.0,AU,01/24/2008,2008-01-24,"['Johnny Depp', 'Sweeney Todd', 'Helena Bonham Carter', 'Mrs. Lovett', 'Alan Rickman', 'Judge Turpin', 'Timothy Spall', 'Beadle', 'Sacha Baron Cohen', 'Pirelli', 'Laura Michelle Kelly', 'Lucy Barker', 'Jamie Campbell Bower', 'Anthony Hope', 'Jayne Wisener', 'Johanna Barker', 'Ed Sanders', 'Toby Ragg']"
Mirrors,11/06/2008 ,62.0,"Horror, Mystery, Thriller, Drama, Fantasy",An ex-cop and his family are the target of an evil force that is using mirrors as a gateway into their home.,"Kiefer Sutherland, Ben Carson, Paula Patton, Amy Carson, Amy Smart, Angela Carson, Jason Flemyng, Larry Byrne, Cameron Boyce, Michael Carson, Erica Gluck, Daisy Carson, Ioana Abur, Front Desk Sister, Mary Beth Peil, Anna Esseker, John Shrapnel, Lorenzo Sapelli",Mirrors, Released,English,35000000.0,77220596.0,AU,11/06/2008,2008-11-06,"['Kiefer Sutherland', 'Ben Carson', 'Paula Patton', 'Amy Carson', 'Amy Smart', 'Angela Carson', 'Jason Flemyng', 'Larry Byrne', 'Cameron Boyce', 'Michael Carson', 'Erica Gluck', 'Daisy Carson', 'Ioana Abur', 'Front Desk Sister', 'Mary Beth Peil', 'Anna Esseker', 'John Shrapnel', 'Lorenzo Sapelli']"
Punisher: War Zone,12/05/2008 ,58.0,"Action, Crime","Waging his one-man war on the world of organized crime, ruthless vigilante-hero Frank Castle sets his sights on overeager mob boss Billy Russoti. After Russoti is left horribly disfigured by Castle, he sets out for vengeance under his new alias: Jigsaw. With the ""Punisher Task Force"" hot on his trail and the FBI unable to take Jigsaw in, Frank must stand up to the formidable army that Jigsaw has recruited before more of his evil deeds go unpunished.","Ray Stevenson, Frank Castle / The Punisher, Dominic West, Billy Russoti / Jigsaw, Julie Benz, Angela Donatelli, Colin Salmon, Paul Budiansky, Doug Hutchison, Loony Bin Jim, Dash Mihok, Martin Soap, Wayne Knight, Micro, Stephanie Janusauskas, Grace Donatelli, Mark Camacho, Pittsy",Punisher: War Zone, Released,English,35000000.0,10157534.0,AU,12/05/2008,2008-12-05,"['Ray Stevenson', 'Frank Castle / The Punisher', 'Dominic West', 'Billy Russoti / Jigsaw', 'Julie Benz', 'Angela Donatelli', 'Colin Salmon', 'Paul Budiansky', 'Doug Hutchison', 'Loony Bin Jim', 'Dash Mihok', 'Martin Soap', 'Wayne Knight', 'Micro', 'Stephanie Janusauskas', 'Grace Donatelli', 'Mark Camacho', 'Pittsy']"
Barbie in 'A Christmas Carol',11/04/2008 ,71.0,"Animation, Family","On Christmas Eve, Kelly is reluctant to go to a Christmas Eve ball, so Barbie tells her the story of Eden Starling, a glamourous singing diva in the Victorian England and the owner of a theatre house. However, Eden is self-centred and loves only herself. She is frequently accompanied by her snooty cat, Chuzzlewit. She does not believe in Christmas and orders all her employees to work on Christmas.","Kelly Sheridan, Barbie (voice), Morwenna Banks, Eden Starling (voice), Melissa Lyons, Eden Starling (singing voice), Prudence Edwards, Young Eden Starling (voice), Leanne Araya, Young Eden / Spirit Of Christmas Past / Ann / Nan (singing voice), Kandyse McClure, Catherine / Young Catherine (voice), Shauntia Fleming, Catherine (singing voice), Kathleen Barr, Chuzzlewit / Spirit Of Christmas Present / Mrs. Dorrit (voice), Pam Hyatt, Aunt Marie (voice)",Barbie in 'A Christmas Carol', Released,English,27642400.0,4496912.0,US,11/04/2008,2008-11-04,"['Kelly Sheridan', 'Barbie (voice)', 'Morwenna Banks', 'Eden Starling (voice)', 'Melissa Lyons', 'Eden Starling (singing voice)', 'Prudence Edwards', 'Young Eden Starling (voice)', 'Leanne Araya', 'Young Eden / Spirit Of Christmas Past / Ann / Nan (singing voice)', 'Kandyse McClure', 'Catherine / Young Catherine (voice)', 'Shauntia Fleming', 'Catherine (singing voice)', 'Kathleen Barr', 'Chuzzlewit / Spirit Of Christmas Present / Mrs. Dorrit (voice)', 'Pam Hyatt', 'Aunt Marie (voice)']"
Sex Drive,11/13/2008 ,63.0,"Comedy, Adventure, Romance",A high school senior drives cross-country with his best friends to hook up with a babe he met online.,"Josh Zuckerman, Ian Lafferty, Amanda Crew, Felicia, Clark Duke, Lance, James Marsden, Rex Lafferty, Seth Green, Ezekiel, Alice Greczyn, Mary, Katrina Bowden, Ms. Tasty, Charlie McDermott, Andy, Mark L. Young, Randy",Sex Drive, Released,English,19000000.0,10412485.0,AU,11/13/2008,2008-11-13,"['Josh Zuckerman', 'Ian Lafferty', 'Amanda Crew', 'Felicia', 'Clark Duke', 'Lance', 'James Marsden', 'Rex Lafferty', 'Seth Green', 'Ezekiel', 'Alice Greczyn', 'Mary', 'Katrina Bowden', 'Ms. Tasty', 'Charlie McDermott', 'Andy', 'Mark L. Young', 'Randy']"
Revolutionary Road,12/19/2008 ,70.0,"Drama, Romance",A young couple living in a Connecticut suburb during the mid-1950s struggle to come to terms with their personal problems while trying to raise their two children. Based on a novel by Richard Yates.,"Leonardo DiCaprio, Frank Wheeler, Kate Winslet, April Wheeler, Kathy Bates, Mrs. Givings, Michael Shannon, John Givings, Kathryn Hahn, Milly Campbell, David Harbour, Shep Campbell, Dylan Baker, Jack Ordway, Richard Easton, Mr. Givings, Zoe Kazan, Maureen Grube",Revolutionary Road, Released,English,45000000.0,79604820.0,US,12/19/2008,2008-12-19,"['Leonardo DiCaprio', 'Frank Wheeler', 'Kate Winslet', 'April Wheeler', 'Kathy Bates', 'Mrs. Givings', 'Michael Shannon', 'John Givings', 'Kathryn Hahn', 'Milly Campbell', 'David Harbour', 'Shep Campbell', 'Dylan Baker', 'Jack Ordway', 'Richard Easton', 'Mr. Givings', 'Zoe Kazan', 'Maureen Grube']"
Get Smart,06/26/2008 ,62.0,"Action, Comedy, Thriller","When the identities of secret agents from Control are compromised, the Chief promotes hapless but eager analyst Maxwell Smart and teams him with stylish, capable Agent 99, the only spy whose cover remains intact. Can they work together to thwart the evil plans of KAOS and its crafty operative?","Steve Carell, Maxwell Smart, Anne Hathaway, Agent 99, Dwayne Johnson, Agent 23, Alan Arkin, The Chief, Terence Stamp, Siegfried, James Caan, The President, Bill Murray, Agent 13, Patrick Warburton, Hymie, Terry Crews, Agent 91",Get Smart, Released,English,80000000.0,226739416.0,AU,06/26/2008,2008-06-26,"['Steve Carell', 'Maxwell Smart', 'Anne Hathaway', 'Agent 99', 'Dwayne Johnson', 'Agent 23', 'Alan Arkin', 'The Chief', 'Terence Stamp', 'Siegfried', 'James Caan', 'The President', 'Bill Murray', 'Agent 13', 'Patrick Warburton', 'Hymie', 'Terry Crews', 'Agent 91']"
Justice League: The New Frontier,02/26/2008 ,68.0,"Action, Adventure, Animation, Science Fiction, Family","The human race is threatened by a powerful creature, and only the combined power of Superman, Batman, Wonder Woman, Green Lantern, Martian Manhunter and The Flash can stop it. But can they overcome their differences to thwart this enemy using the combined strength of their newly formed Justice League?","David Boreanaz, Hal Jordan / Green Lantern (voice), Neil Patrick Harris, Barry Allen / The Flash (voice), Brooke Shields, Carol Ferris (voice), Jeremy Sisto, Batman (voice), Kyle MacLachlan, Superman (voice), Miguel Ferrer, J'onn J'onzz / Martian Manhunter (voice), Keith David, The Centre (voice), Lucy Lawless, Wonder Woman (voice), Lex Lang, Rick Flagg (voice)",Justice League: The New Frontier, Released,English,3500000.0,5231128.0,US,02/26/2008,2008-02-26,"['David Boreanaz', 'Hal Jordan / Green Lantern (voice)', 'Neil Patrick Harris', 'Barry Allen / The Flash (voice)', 'Brooke Shields', 'Carol Ferris (voice)', 'Jeremy Sisto', 'Batman (voice)', 'Kyle MacLachlan', 'Superman (voice)', 'Miguel Ferrer', ""J'onn J'onzz / Martian Manhunter (voice)"", 'Keith David', 'The Centre (voice)', 'Lucy Lawless', 'Wonder Woman (voice)', 'Lex Lang', 'Rick Flagg (voice)']"
The Secret of the Magic Gourd,07/18/2008 ,74.0,"Drama, Family, Fantasy","When schoolboy  Wang Bao discovers a magical gourd that can instantly grant his every wish, the awkward child suddenly becomes a hero amongst his curious classmates. When the gourd proves more of a burden than a blessing and the boy decides to get rid of it, he quickly discovers that's easier said than done.","Chen Pei-Si, Bao Hu Lu, Zhu Qilong, Wang Bao, Gigi Leung, Miss Liu, Zheng Jiahao, Yang Shuan, Wang Jiakun, Zheng Xiaodeng, Lao Yijia, Yao Jun, Guo Kaimin, Father, Qing He, Mother, Meng Qian, Grandmother", 宝葫芦的秘密, Released,Chinese,61460000.0,550973851.0,US,07/18/2008,2008-07-18,"['Chen Pei-Si', 'Bao Hu Lu', 'Zhu Qilong', 'Wang Bao', 'Gigi Leung', 'Miss Liu', 'Zheng Jiahao', 'Yang Shuan', 'Wang Jiakun', 'Zheng Xiaodeng', 'Lao Yijia', 'Yao Jun', 'Guo Kaimin', 'Father', 'Qing He', 'Mother', 'Meng Qian', 'Grandmother']"
"Definitely, Maybe",02/14/2008 ,69.0,"Comedy, Romance","When Will decides to tell his daughter the story of how he met her mother, he discovers that a second look at the past might also give him a second chance at the future.","Ryan Reynolds, Will Hayes, Abigail Breslin, Maya Hayes, Elizabeth Banks, Emily, Isla Fisher, April, Rachel Weisz, Summer Hartley, Kevin Kline, Hampton Roth, Derek Luke, Russell McCormack, Liane Balaban, Kelly, Annie Parisse, Anne","Definitely, Maybe", Released,English,7000000.0,55617866.0,US,02/14/2008,2008-02-14,"['Ryan Reynolds', 'Will Hayes', 'Abigail Breslin', 'Maya Hayes', 'Elizabeth Banks', 'Emily', 'Isla Fisher', 'April', 'Rachel Weisz', 'Summer Hartley', 'Kevin Kline', 'Hampton Roth', 'Derek Luke', 'Russell McCormack', 'Liane Balaban', 'Kelly', 'Annie Parisse', 'Anne']"
Speed Racer,06/12/2008 ,62.0,"Family, Action, Adventure, Comedy","Speed Racer is the tale of a young and brilliant racing driver. When corruption in the racing leagues costs his brother his life, he must team up with the police and the mysterious Racer X to bring an end to the corruption and criminal activities. Inspired by the cartoon series.","Emile Hirsch, Speed Racer, Christina Ricci, Trixie, John Goodman, Pops Racer, Susan Sarandon, Mom Racer, Matthew Fox, Racer X, Benno Fürmann, Inspector Detector, Hiroyuki Sanada, Mr. Musha, Rain, Taejo Togokahn, Richard Roundtree, Ben Burns",Speed Racer, Released,English,120000000.0,93394462.0,AU,06/12/2008,2008-06-12,"['Emile Hirsch', 'Speed Racer', 'Christina Ricci', 'Trixie', 'John Goodman', 'Pops Racer', 'Susan Sarandon', 'Mom Racer', 'Matthew Fox', 'Racer X', 'Benno Fürmann', 'Inspector Detector', 'Hiroyuki Sanada', 'Mr. Musha', 'Rain', 'Taejo Togokahn', 'Richard Roundtree', 'Ben Burns']"
In Bruges,08/25/2008 ,75.0,"Comedy, Drama, Crime","Ray and Ken, two hit men, are in Bruges, Belgium, waiting for their next mission. While they are there they have time to think and discuss their previous assignment. When the mission is revealed to Ken, it is not what he expected.","Colin Farrell, Ray, Brendan Gleeson, Ken Daley, Ralph Fiennes, Harry Waters, Clémence Poésy, Chloë Villette, Thekla Reuten, Marie, Jordan Prentice, Jimmy, Elizabeth Berrington, Natalie Waters, Jérémie Renier, Eirik, Mark Donovan, Overweight Man",In Bruges, Released,English,15000000.0,34527095.0,AU,08/25/2008,2008-08-25,"['Colin Farrell', 'Ray', 'Brendan Gleeson', 'Ken Daley', 'Ralph Fiennes', 'Harry Waters', 'Clémence Poésy', 'Chloë Villette', 'Thekla Reuten', 'Marie', 'Jordan Prentice', 'Jimmy', 'Elizabeth Berrington', 'Natalie Waters', 'Jérémie Renier', 'Eirik', 'Mark Donovan', 'Overweight Man']"
Funny Games,09/11/2008 ,66.0,"Drama, Horror, Thriller","When Ann, husband George, and son Georgie arrive at their holiday home they are visited by a pair of polite and seemingly pleasant young men. Armed with deceptively sweet smiles and some golf clubs, they proceed to terrorize and torture the tight-knit clan, giving them until the next day to survive.","Naomi Watts, Ann Farber, Tim Roth, George Farber, Michael Pitt, Paul, Brady Corbet, Peter, Devon Gearhart, Georgie Farber, Boyd Gaines, Fred, Siobhan Fallon Hogan, Betsy Thompson, Robert LuPone, Robert Thompson, Susi Haneke, Betsy's Sister-in-Law",Funny Games, Released,English,15000000.0,8200127.0,AU,09/11/2008,2008-09-11,"['Naomi Watts', 'Ann Farber', 'Tim Roth', 'George Farber', 'Michael Pitt', 'Paul', 'Brady Corbet', 'Peter', 'Devon Gearhart', 'Georgie Farber', 'Boyd Gaines', 'Fred', 'Siobhan Fallon Hogan', 'Betsy Thompson', 'Robert LuPone', 'Robert Thompson', 'Susi Haneke', ""Betsy's Sister-in-Law""]"
The Eye,02/01/2008 ,58.0,"Drama, Horror, Thriller","Violinist Sydney Wells was accidentally blinded by her sister Helen when she was five years old. She submits to a cornea transplantation, and while recovering from the operation, she realizes that she is seeing dead people.","Jessica Alba, Sydney Wells, Alessandro Nivola, Dr. Paul Faulkner, Parker Posey, Helen Wells, Rade Šerbedžija, Simon McCullough, Mia Stallard, Little Girl, Obba Babatundé, Dr. Haskins, Danny Mora, Miguel, Rachel Ticotin, Rosa Martinez, Chloë Grace Moretz, Alicia Millstone",The Eye, Released,English,12000000.0,57577765.0,US,02/01/2008,2008-02-01,"['Jessica Alba', 'Sydney Wells', 'Alessandro Nivola', 'Dr. Paul Faulkner', 'Parker Posey', 'Helen Wells', 'Rade Šerbedžija', 'Simon McCullough', 'Mia Stallard', 'Little Girl', 'Obba Babatundé', 'Dr. Haskins', 'Danny Mora', 'Miguel', 'Rachel Ticotin', 'Rosa Martinez', 'Chloë Grace Moretz', 'Alicia Millstone']"
The Forbidden Kingdom,06/11/2008 ,66.0,"Action, Adventure, Fantasy","An American teenager who is obsessed with Hong Kong cinema and kung-fu classics makes an extraordinary discovery in a Chinatown pawnshop: the legendary stick weapon of the Chinese sage and warrior, the Monkey King. With the lost relic in hand, the teenager unexpectedly finds himself travelling back to ancient China to join a crew of warriors from martial arts lore on a dangerous quest to free the imprisoned Monkey King.","Jackie Chan, Old Hop / Lu Yan, Jet Li, The Silent Monk / The Monkey King, Michael Angarano, Jason Tripitikas, Liu Yifei, Golden Sparrow / 金燕子, Li Bingbing, Ni Chang a.k.a White-Haired Witch, Collin Chou, Jade Warlord, Morgan Benoit, Lupo, Thomas McDonell, Young Southie, Jack Posobiec, Southie",The Forbidden Kingdom, Released,English,55000000.0,129075270.0,AU,06/11/2008,2008-06-11,"['Jackie Chan', 'Old Hop / Lu Yan', 'Jet Li', 'The Silent Monk / The Monkey King', 'Michael Angarano', 'Jason Tripitikas', 'Liu Yifei', 'Golden Sparrow / 金燕子', 'Li Bingbing', 'Ni Chang a.k.a White-Haired Witch', 'Collin Chou', 'Jade Warlord', 'Morgan Benoit', 'Lupo', 'Thomas McDonell', 'Young Southie', 'Jack Posobiec', 'Southie']"
Pineapple Express,09/12/2008 ,66.0,"Action, Comedy, Crime",A stoner and his dealer are forced to go on the run from the police after the pothead witnesses a cop commit a murder.,"Seth Rogen, Dale Denton, James Franco, Saul Silver, Gary Cole, Ted, Danny McBride, Red, Rosie Perez, Carol, Kevin Corrigan, Budlofsky, Craig Robinson, Matheson, Amber Heard, Angie Anderson, Ed Begley Jr., Robert",Pineapple Express, Released,English,26000000.0,102404019.0,AU,09/12/2008,2008-09-12,"['Seth Rogen', 'Dale Denton', 'James Franco', 'Saul Silver', 'Gary Cole', 'Ted', 'Danny McBride', 'Red', 'Rosie Perez', 'Carol', 'Kevin Corrigan', 'Budlofsky', 'Craig Robinson', 'Matheson', 'Amber Heard', 'Angie Anderson', 'Ed Begley Jr.', 'Robert']"
The Forbidden Legend: Sex & Chopsticks,09/19/2008 ,57.0,"Comedy, Drama, Romance","Based on the classic Chinese novel ""Jin Ping Mei,"" written during the Ming Dynasty. The novel itself is the first full length Chinese fictional work to depict sexuality in explicit manner. The movie (as well as novel) takes place during 1111-1127 and centers around Ximen Quing, a corrupt social climber and lustful merchant who is wealthy enough to marry a consort of wives and concubines.","Wai-Kin Lam, Simon Qing, Norman Chui, Simon Tate, Hikaru Wakana, Moon, Kaera Uehara, Violetta, Serina Hayakawa, Lotus, Minami Matsuzaka, Simon's Mother / Madame Goose, Winnie Leung, Plum, Samuel Leung Cheuk-Moon, Bamboo, Tam Kon-Chung, Hua Zi-xu", 金瓶梅, Released,Cantonese,123000000.0,644020233.2,US,09/19/2008,2008-09-19,"['Wai-Kin Lam', 'Simon Qing', 'Norman Chui', 'Simon Tate', 'Hikaru Wakana', 'Moon', 'Kaera Uehara', 'Violetta', 'Serina Hayakawa', 'Lotus', 'Minami Matsuzaka', ""Simon's Mother / Madame Goose"", 'Winnie Leung', 'Plum', 'Samuel Leung Cheuk-Moon', 'Bamboo', 'Tam Kon-Chung', 'Hua Zi-xu']"
Stargate: Continuum,07/29/2008 ,71.0,"Action, Adventure, Science Fiction, TV Movie",Ba'al travels back in time and prevents the Stargate program from being started. SG-1 must somehow restore history.,"Ben Browder, Colonel Cameron Mitchell, Amanda Tapping, Colonel Samantha Carter, Christopher Judge, Teal'c, Michael Shanks, Dr. Daniel Jackson, Claudia Black, Vala Mal Doran, Beau Bridges, Major General Hank Landry, Richard Dean Anderson, Major General Jack O'Neill, Cliff Simon, Ba'al, Don S. Davis, Lieutenant General George Hammond",Stargate: Continuum, Released,English,7000000.0,182055444.0,AU,07/29/2008,2008-07-29,"['Ben Browder', 'Colonel Cameron Mitchell', 'Amanda Tapping', 'Colonel Samantha Carter', 'Christopher Judge', ""Teal'c"", 'Michael Shanks', 'Dr. Daniel Jackson', 'Claudia Black', 'Vala Mal Doran', 'Beau Bridges', 'Major General Hank Landry', 'Richard Dean Anderson', ""Major General Jack O'Neill"", 'Cliff Simon', ""Ba'al"", 'Don S. Davis', 'Lieutenant General George Hammond']"
Ghost in the Shell 2.0,07/12/2008 ,74.0,"Action, Animation, Science Fiction","In the year 2029, Section 9, a group of cybernetically enhanced cops, are called in to investigate and stop a highly-wanted hacker known as 'The Puppetmaster'.  Ghost in the Shell 2.0 is a reproduced version of its original 1995 counterpart. Among a numerous enhancements, for the film's 2.0 release, were a number of scenes were overhauled with 3D animation, visual improvements, and soundtrack rerecorded in 6.1 surround sound.","Atsuko Tanaka, Motoko Kusanagi (voice), Akio Otsuka, Batou (voice), Koichi Yamadera, Togusa (voice), Tamio Ohki, Section 9 Department Chief Aramaki (voice), Tessyo Genda, Section 6 Department Chief Nakamura (voice)", GHOST IN THE SHELL／攻殻機動隊2.0, Released,Japanese,66600000.0,439119920.6,JP,07/12/2008,2008-07-12,"['Atsuko Tanaka', 'Motoko Kusanagi (voice)', 'Akio Otsuka', 'Batou (voice)', 'Koichi Yamadera', 'Togusa (voice)', 'Tamio Ohki', 'Section 9 Department Chief Aramaki (voice)', 'Tessyo Genda', 'Section 6 Department Chief Nakamura (voice)']"
Shutter,05/15/2008 ,55.0,"Horror, Mystery, Thriller","A newly married couple discovers disturbing, ghostly images in photographs they develop after a tragic accident. Fearing the manifestations may be connected, they investigate and learn that some mysteries are better left unsolved.","Joshua Jackson, Benjamin Shaw, Rachael Taylor, Jane Shaw, Megumi Okina, Megumi Tanaka, David Denman, Bruno, Eri Otoguro, Yoko, John Hensley, Adam, Maya Hazen, Seiko, James Kyson, Ritsuo, Yoshiko Miyazaki, Akiko",Shutter, Released,English,8000000.0,47782426.0,AU,05/15/2008,2008-05-15,"['Joshua Jackson', 'Benjamin Shaw', 'Rachael Taylor', 'Jane Shaw', 'Megumi Okina', 'Megumi Tanaka', 'David Denman', 'Bruno', 'Eri Otoguro', 'Yoko', 'John Hensley', 'Adam', 'Maya Hazen', 'Seiko', 'James Kyson', 'Ritsuo', 'Yoshiko Miyazaki', 'Akiko']"
Open Season 2,12/31/2008 ,58.0,"Adventure, Animation, Comedy, Family","After falling head over hooves in love with Giselle, Elliot's road to the altar takes a slight detour when Mr. Weenie is kidnapped by a group of pampered pets determined to return him to his owners.","Joel McHale, Elliot (Voice), Mike Epps, Boog (Voice), Cody Cameron, Mr. Weenie (voice), Georgia Engel, Bobbie (voice), Jane Krakowski, Giselle (Voice), Billy Connolly, McSquizzy (voice), Crispin Glover, Fifi (voice), Maddie Taylor, Deni / Buddy / Ian (voice), Steve Schirripa, Roberto (voice)",Open Season 2, Released,English,39120168.6,8700000.0,AU,12/31/2008,2008-12-31,"['Joel McHale', 'Elliot (Voice)', 'Mike Epps', 'Boog (Voice)', 'Cody Cameron', 'Mr. Weenie (voice)', 'Georgia Engel', 'Bobbie (voice)', 'Jane Krakowski', 'Giselle (Voice)', 'Billy Connolly', 'McSquizzy (voice)', 'Crispin Glover', 'Fifi (voice)', 'Maddie Taylor', 'Deni / Buddy / Ian (voice)', 'Steve Schirripa', 'Roberto (voice)']"
The House Bunny,09/25/2008 ,57.0,"Romance, Comedy","Shelley is living a carefree life until a rival gets her tossed out of the Playboy Mansion. With nowhere to go, fate delivers her to the sorority girls from Zeta Alpha Zeta. Unless they can sign a new pledge class, the seven socially clueless women will lose their house to the scheming girls of Phi Iota Mu. In order to accomplish their goal, they need Shelley to teach them the ways of makeup and men; at the same time, Shelley needs some of what the Zetas have - a sense of individuality. The combination leads all the girls to learn how to stop pretending and start being themselves.","Anna Faris, Shelley, Emma Stone, Natalie, Kat Dennings, Mona, Katharine McPhee, Harmony, Rumer Willis, Joanne, Hugh Hefner, Hugh Hefner, Christopher McDonald, Dean Simmons, Beverly D'Angelo, Mrs. Hagstrom, Kiely Williams, Lilly",The House Bunny, Released,English,25000000.0,71390601.0,AU,09/25/2008,2008-09-25,"['Anna Faris', 'Shelley', 'Emma Stone', 'Natalie', 'Kat Dennings', 'Mona', 'Katharine McPhee', 'Harmony', 'Rumer Willis', 'Joanne', 'Hugh Hefner', 'Hugh Hefner', 'Christopher McDonald', 'Dean Simmons', ""Beverly D'Angelo"", 'Mrs. Hagstrom', 'Kiely Williams', 'Lilly']"
August Rush,02/21/2008 ,74.0,"Family, Drama, Music","Lyla and Louis, a singer and a musician, fall in love, but are soon compelled to separate. Lyla is forced to give up her newborn but unknown to her, he grows up to become a musical genius.","Freddie Highmore, August Rush, Keri Russell, Lyla Novacek, Jonathan Rhys Meyers, Louis Connelly, Terrence Howard, Richard Jeffries, Robin Williams, Maxwell ""Wizard"" Wallace, William Sadler, Thomas Novacek, Marian Seldes, The Dean, Mykelti Williamson, Reverend James, Leon G. Thomas III, Arthur",August Rush, Released,English,25000000.0,64605762.0,AU,02/21/2008,2008-02-21,"['Freddie Highmore', 'August Rush', 'Keri Russell', 'Lyla Novacek', 'Jonathan Rhys Meyers', 'Louis Connelly', 'Terrence Howard', 'Richard Jeffries', 'Robin Williams', 'Maxwell ""Wizard"" Wallace', 'William Sadler', 'Thomas Novacek', 'Marian Seldes', 'The Dean', 'Mykelti Williamson', 'Reverend James', 'Leon G. Thomas III', 'Arthur']"
Forgetting Sarah Marshall,04/17/2008 ,65.0,"Comedy, Romance, Drama","When Sarah Marshall dumps aspiring musician Peter Bretter for rock star Aldous Snow, Peter's world comes crashing down. His best friend suggests that Peter should get away from everything and to fly off to Hawaii to escape all his problems. After arriving in Hawaii and meeting the beautiful Rachel Jansen, Peter is shocked to see not only Aldous Snow in Hawaii, but also Sarah Marshall.","Jason Segel, Peter Bretter, Kristen Bell, Sarah Marshall, Mila Kunis, Rachel Jansen, Russell Brand, Aldous Snow, Bill Hader, Brian Bretter, Jonah Hill, Matthew Van Der Wyk, Liz Cackowski, Liz Bretter, Jack McBrayer, Darald, Maria Christina Thayer, Wyoma",Forgetting Sarah Marshall, Released,English,30000000.0,105475310.0,AU,04/17/2008,2008-04-17,"['Jason Segel', 'Peter Bretter', 'Kristen Bell', 'Sarah Marshall', 'Mila Kunis', 'Rachel Jansen', 'Russell Brand', 'Aldous Snow', 'Bill Hader', 'Brian Bretter', 'Jonah Hill', 'Matthew Van Der Wyk', 'Liz Cackowski', 'Liz Bretter', 'Jack McBrayer', 'Darald', 'Maria Christina Thayer', 'Wyoma']"
Street Kings,04/17/2008 ,66.0,"Action, Crime, Drama, Thriller","Tom Ludlow is a disillusioned L.A. Police Officer, rarely playing by the rules and haunted by the death of his wife. When evidence implicates him in the execution of a fellow officer, he is forced to go up against the cop culture he's been a part of his entire career, ultimately leading him to question the loyalties of everyone around him.","Keanu Reeves, Detective Tom Ludlow, Forest Whitaker, Captain Jack Wander, Chris Evans, Detective Paul Diskant, Hugh Laurie, Captain James Biggs, Naomie Harris, Linda Washington, Cedric the Entertainer, Scribble, Martha Higareda, Grace Garcia, Common, Coates, Angela Sun, Julie Fukashima",Street Kings, Released,English,20000000.0,65457811.0,AU,04/17/2008,2008-04-17,"['Keanu Reeves', 'Detective Tom Ludlow', 'Forest Whitaker', 'Captain Jack Wander', 'Chris Evans', 'Detective Paul Diskant', 'Hugh Laurie', 'Captain James Biggs', 'Naomie Harris', 'Linda Washington', 'Cedric the Entertainer', 'Scribble', 'Martha Higareda', 'Grace Garcia', 'Common', 'Coates', 'Angela Sun', 'Julie Fukashima']"
La conjura de El Escorial,09/05/2008 ,44.0,History,16th century ruler King Philip II of Spain maneuvers within a court of deceit and betrayal,"Jason Isaacs, Antonio Pérez, Julia Ormond, Princesa de Éboli, Jürgen Prochnow, Espinosa, Jordi Mollà, Mateo Vázquez, Joaquim de Almeida, Escobedo, Juanjo Puigcorbé, Felipe II, Blanca Jara, Damiana, Nacho Aldeguer, Operario Acería",La conjura de El Escorial, Released,"Spanish, Castilian",132800000.0,545186295.4,US,09/05/2008,2008-09-05,"['Jason Isaacs', 'Antonio Pérez', 'Julia Ormond', 'Princesa de Éboli', 'Jürgen Prochnow', 'Espinosa', 'Jordi Mollà', 'Mateo Vázquez', 'Joaquim de Almeida', 'Escobedo', 'Juanjo Puigcorbé', 'Felipe II', 'Blanca Jara', 'Damiana', 'Nacho Aldeguer', 'Operario Acería']"
In the Name of the King: A Dungeon Siege Tale,06/13/2008 ,47.0,"Adventure, Fantasy, Action, Drama","A man named Farmer sets out to rescue his kidnapped wife and avenge the death of his son -- two acts committed by the Krugs, a race of animal-warriors who are controlled by the evil Gallian.","Jason Statham, Farmer, Ray Liotta, Gallian, Leelee Sobieski, Muriella, John Rhys-Davies, Merick, Burt Reynolds, King Konreid, Matthew Lillard, Duke Fallow, Brian J. White, Tarish, Claire Forlani, Solana, Ron Perlman, Norick",In the Name of the King: A Dungeon Siege Tale, Released,English,60000000.0,13233220.0,AU,06/13/2008,2008-06-13,"['Jason Statham', 'Farmer', 'Ray Liotta', 'Gallian', 'Leelee Sobieski', 'Muriella', 'John Rhys-Davies', 'Merick', 'Burt Reynolds', 'King Konreid', 'Matthew Lillard', 'Duke Fallow', 'Brian J. White', 'Tarish', 'Claire Forlani', 'Solana', 'Ron Perlman', 'Norick']"
Starship Troopers 3: Marauder,09/29/2008 ,47.0,"Adventure, Science Fiction, Action","The war against the Bugs continues! A Federation Starship crash-lands on the distant Alien planet OM-1, stranding beloved leader Sky Marshal Anoke and several others, including comely but tough pilot Lola Beck. It's up to Colonel/General Johnny Rico, reluctant hero of the original Bug Invasion on Planet P, to lead a team of Troopers on a daring rescue mission.","Casper Van Dien, Johnny Rico, Jolene Blalock, Lola Beck, Stephen Hogan, Sky Marshal Omar Anoke, Boris Kodjoe, Gen. Dix Hauser, Amanda Donohoe, Admiral Enolo Phid, Marnette Patterson, Holly Little, Danny Keogh, Dr. Wiggs, Stelio Savante, Chief Bull Brittles, Cécile Breccia, Lt. Link Manion",Starship Troopers 3: Marauder, Released,English,9000000.0,63503309.4,AU,09/29/2008,2008-09-29,"['Casper Van Dien', 'Johnny Rico', 'Jolene Blalock', 'Lola Beck', 'Stephen Hogan', 'Sky Marshal Omar Anoke', 'Boris Kodjoe', 'Gen. Dix Hauser', 'Amanda Donohoe', 'Admiral Enolo Phid', 'Marnette Patterson', 'Holly Little', 'Danny Keogh', 'Dr. Wiggs', 'Stelio Savante', 'Chief Bull Brittles', 'Cécile Breccia', 'Lt. Link Manion']"
A Frozen Flower,12/30/2008 ,69.0,Drama,"A historical drama set in the Koryo dynasty and focused on the relationship between a king and his bodyguard.  Under the dominance of Yuan Dynasty China, the king of Goryeo Dynasty Korea is pressured to produce a successor to the throne. Unable to make love to his queen because he is in love with his bodyguard, Hong Lim, the king asks the two of them to sleep together instead. This sexual contact formulates a forbidden love between Hong Lim and the Queen.","Jo In-sung, Hong-rim, Ju Jin-mo, King, Song Ji-hyo, Queen, Shim Ji-ho, Seung-gi, Seo Young-joo, Young Han-baek, Hyun Woo, King's Man, Cho Jin-woong, Tae Ahn-gong, Lim Ju-hwan, Han-baek, Yeo Wook-hwan, Im-bo", 쌍화점, Released,Korean,10000000.0,18980744.0,KR,12/30/2008,2008-12-30,"['Jo In-sung', 'Hong-rim', 'Ju Jin-mo', 'King', 'Song Ji-hyo', 'Queen', 'Shim Ji-ho', 'Seung-gi', 'Seo Young-joo', 'Young Han-baek', 'Hyun Woo', ""King's Man"", 'Cho Jin-woong', 'Tae Ahn-gong', 'Lim Ju-hwan', 'Han-baek', 'Yeo Wook-hwan', 'Im-bo']"
Zombie Strippers!,04/18/2008 ,48.0,"Comedy, Horror","In the not too distant future a secret government re-animation chemo-virus gets released into conservative Sartre, Nebraska and lands in an underground strip club. As the virus begins to spread, turning the strippers into ""Super Zombie Strippers"" the girls struggle with whether or not to conform to the new ""fad"" even if it means there's no turning back.","Jenna Jameson, Kat, Robert Englund, Ian, Roxy Saint, Lillith, Penny Drake, Sox, Whitney Anderson, Gaia, Jennifer Holland, Jessy, Shamron Moore, Jeannie, Jeannette Sousa, Berenge, Carmit Levité, Blavatski",Zombie Strippers!, Released,English,109000000.0,863034975.4,US,04/18/2008,2008-04-18,"['Jenna Jameson', 'Kat', 'Robert Englund', 'Ian', 'Roxy Saint', 'Lillith', 'Penny Drake', 'Sox', 'Whitney Anderson', 'Gaia', 'Jennifer Holland', 'Jessy', 'Shamron Moore', 'Jeannie', 'Jeannette Sousa', 'Berenge', 'Carmit Levité', 'Blavatski']"
Changeling,11/07/2008 ,76.0,"Crime, Drama, Mystery","Christine Collins is overjoyed when her kidnapped son is brought back home. But when Christine suspects that the boy returned to her isn't her child, the police captain has her committed to an asylum.","Angelina Jolie, Christine Collins, John Malkovich, Rev. Gustav Briegleb, Jeffrey Donovan, Captain J.J. Jones, Michael Kelly, Detective Lester Ybarra, Colm Feore, Chief James E. Davis, Jason Butler Harner, Gordon Northcott, Amy Ryan, Carol Dexter, Geoff Pierson, S.S. Hahn, Denis O'Hare, Dr. Jonathan Steele",Changeling, Released,English,55000000.0,113805580.0,AU,11/07/2008,2008-11-07,"['Angelina Jolie', 'Christine Collins', 'John Malkovich', 'Rev. Gustav Briegleb', 'Jeffrey Donovan', 'Captain J.J. Jones', 'Michael Kelly', 'Detective Lester Ybarra', 'Colm Feore', 'Chief James E. Davis', 'Jason Butler Harner', 'Gordon Northcott', 'Amy Ryan', 'Carol Dexter', 'Geoff Pierson', 'S.S. Hahn', ""Denis O'Hare"", 'Dr. Jonathan Steele']"
Slumdog Millionaire,12/11/2008 ,77.0,"Drama, Romance","A teenager reflects on his life after being accused of cheating on the Indian version of ""Who Wants to be a Millionaire?"".","Dev Patel, Older Jamal, Saurabh Shukla, Sergeant Srinivas, Anil Kapoor, Prem, Raj Zutshi, Director, Jeneva Talwar, Vision Mixer, Freida Pinto, Older Latika, Irrfan Khan, Police Inspector, Azharuddin Mohammed Ismail, Youngest Salim, Ayush Mahesh Khedekar, Youngest Jamal",Slumdog Millionaire, Released,English,14000000.0,383825427.0,AU,12/11/2008,2008-12-11,"['Dev Patel', 'Older Jamal', 'Saurabh Shukla', 'Sergeant Srinivas', 'Anil Kapoor', 'Prem', 'Raj Zutshi', 'Director', 'Jeneva Talwar', 'Vision Mixer', 'Freida Pinto', 'Older Latika', 'Irrfan Khan', 'Police Inspector', 'Azharuddin Mohammed Ismail', 'Youngest Salim', 'Ayush Mahesh Khedekar', 'Youngest Jamal']"
The Scorpion King 2: Rise of a Warrior,07/19/2008 ,46.0,"Action, Adventure, Fantasy, Science Fiction","The heroic tale of young Mathayus and his relentless quest for justice against an evil and powerful villain, King Sargon. Mathayus faces heart-stopping tribulations during his adventurous, odds-defying trajectory toward his ultimate destiny: becoming the formidable warrior king of an ancient desert empire.","Michael Copon, Mathayus, Randy Couture, Sargon, Karen David, Layla (as Karen David), Simon Quarterman, Ari, Tom Wu, Fong, Andreas Wisniewski, Pollux, Natalie Becker, Astarte, Jeremy Crutchley, Baldo, Shane Manie, Jesup",The Scorpion King 2: Rise of a Warrior, Released,English,116500000.0,577617472.8,AU,07/19/2008,2008-07-19,"['Michael Copon', 'Mathayus', 'Randy Couture', 'Sargon', 'Karen David', 'Layla (as Karen David)', 'Simon Quarterman', 'Ari', 'Tom Wu', 'Fong', 'Andreas Wisniewski', 'Pollux', 'Natalie Becker', 'Astarte', 'Jeremy Crutchley', 'Baldo', 'Shane Manie', 'Jesup']"
City of Ember,11/19/2008 ,63.0,"Adventure, Family, Fantasy","For generations, the people of the City of Ember have flourished in an amazing world of glittering lights. But Ember's once powerful generator is failing and the great lamps that illuminate the city are starting to flicker. Now, two teenagers, in a race against time, must search Ember for clues that will unlock the ancient mystery of the city's existence, before the the lights go out forever.","Saoirse Ronan, Lina Mayfleet, Harry Treadaway, Doon Harrow, Bill Murray, Mayor Cole, David Ryall, Chief Builder, Tim Robbins, Loris Harrow, Mackenzie Crook, Looper, Marianne Jean-Baptiste, Clary, Mary Kay Place, Mrs. Murdo, Toby Jones, Barton Snode",City of Ember, Released,English,38000000.0,17831558.0,AU,11/19/2008,2008-11-19,"['Saoirse Ronan', 'Lina Mayfleet', 'Harry Treadaway', 'Doon Harrow', 'Bill Murray', 'Mayor Cole', 'David Ryall', 'Chief Builder', 'Tim Robbins', 'Loris Harrow', 'Mackenzie Crook', 'Looper', 'Marianne Jean-Baptiste', 'Clary', 'Mary Kay Place', 'Mrs. Murdo', 'Toby Jones', 'Barton Snode']"
Kung Fu Panda: Secrets of the Furious Five,11/08/2008 ,67.0,"Animation, Family, Action","Ordered to teach a martial arts class of rambunctious bunny kittens, Po tells stories of each of the Furious Five's pasts.","Jack Black, Po (voice), Dustin Hoffman, Shifu (voice), David Cross, Crane (voice), Randall Duk Kim, Oogway (voice), Elizabeth Ann Bennett, Ant / Bunny (voice), Jaycee Chan, Young Monkey (voice), Jim Cummings, Instructor (voice), Jessica DiCicco, Young Viper (voice), James Sie, Great Master Viper (voice)",Kung Fu Panda: Secrets of the Furious Five, Released,English,144200000.0,630310770.0,US,11/08/2008,2008-11-08,"['Jack Black', 'Po (voice)', 'Dustin Hoffman', 'Shifu (voice)', 'David Cross', 'Crane (voice)', 'Randall Duk Kim', 'Oogway (voice)', 'Elizabeth Ann Bennett', 'Ant / Bunny (voice)', 'Jaycee Chan', 'Young Monkey (voice)', 'Jim Cummings', 'Instructor (voice)', 'Jessica DiCicco', 'Young Viper (voice)', 'James Sie', 'Great Master Viper (voice)']"
Next Avengers: Heroes of Tomorrow,09/02/2008 ,69.0,"Animation, Family, Action, Adventure, Science Fiction",The children of the Avengers hone their powers and go head to head with the very enemy responsible for their parents' demise.,"Noah Crawford, James Rogers (voice), Brenna O'Brien, Torunn (voice), Fred Tatasciore, Hulk (voice), Nicole Oliver, Betty Ross (voice), Michael Adamthwaite, Thor (voice), Aidan Drummond, Pym (voice), Adrian Petriw, Hawkeye (voice), Tom Kane, Tony Stark / Iron Man / Ultron (voice), Dempsey Pappion, Azari (voice)",Next Avengers: Heroes of Tomorrow, Released,English,53620000.0,3800000.0,US,09/02/2008,2008-09-02,"['Noah Crawford', 'James Rogers (voice)', ""Brenna O'Brien"", 'Torunn (voice)', 'Fred Tatasciore', 'Hulk (voice)', 'Nicole Oliver', 'Betty Ross (voice)', 'Michael Adamthwaite', 'Thor (voice)', 'Aidan Drummond', 'Pym (voice)', 'Adrian Petriw', 'Hawkeye (voice)', 'Tom Kane', 'Tony Stark / Iron Man / Ultron (voice)', 'Dempsey Pappion', 'Azari (voice)']"
Babylon A.D.,09/16/2008 ,56.0,"Action, Adventure, Science Fiction, Thriller",A veteran-turned-mercenary is hired to take a young woman with a secret from post-apocalyptic Eastern Europe to New York City.,"Vin Diesel, Toorop, Michelle Yeoh, Schwester Rebecca, Mélanie Thierry, Aurora, Lambert Wilson, Darquandier, Charlotte Rampling, Hohepriesterin, Gérard Depardieu, Gorsky, Mark Strong, Finn, Jérôme Le Banner, Killa, Joel Kirby, Dr. Newton",Babylon A.D., Released,English,45000000.0,70216497.0,AU,09/16/2008,2008-09-16,"['Vin Diesel', 'Toorop', 'Michelle Yeoh', 'Schwester Rebecca', 'Mélanie Thierry', 'Aurora', 'Lambert Wilson', 'Darquandier', 'Charlotte Rampling', 'Hohepriesterin', 'Gérard Depardieu', 'Gorsky', 'Mark Strong', 'Finn', 'Jérôme Le Banner', 'Killa', 'Joel Kirby', 'Dr. Newton']"
Dead Space: Downfall,10/28/2008 ,61.0,"Animation, Horror, Science Fiction, Thriller","On a deep space mining mission to a remote planet, an ancient religious relic - thought to be proof of the existence of God - is unearthed and brought aboard. When the unholy artifact unleashes a long-dormant alien race, its glimpse of Heaven transforms the ship into a living Hell. A prequel to the events of the 2008 video game Dead Space.","Bruce Boxleitner, Colin Barrow (voice), Kelly Hu, Shen (voice), Jeff Bennett, Leggio / Dobbs / Jackson (voice), Jim Cummings, Captain Mathius / Farum (voice), Grey DeLisle, Heather / Donna Fawkes (voice), Nika Futterman, Alissa Vincent (voice), Maurice LaMarche, White / Bavaro (voice), Phil Morris, Hansen / Glenn (voice), Bob Neill, Cartusian (voice)",Dead Space: Downfall, Released,English,118000000.0,550246804.4,US,10/28/2008,2008-10-28,"['Bruce Boxleitner', 'Colin Barrow (voice)', 'Kelly Hu', 'Shen (voice)', 'Jeff Bennett', 'Leggio / Dobbs / Jackson (voice)', 'Jim Cummings', 'Captain Mathius / Farum (voice)', 'Grey DeLisle', 'Heather / Donna Fawkes (voice)', 'Nika Futterman', 'Alissa Vincent (voice)', 'Maurice LaMarche', 'White / Bavaro (voice)', 'Phil Morris', 'Hansen / Glenn (voice)', 'Bob Neill', 'Cartusian (voice)']"
Juno,01/17/2008 ,70.0,"Comedy, Drama, Romance","Faced with an unplanned pregnancy, an offbeat young woman makes an unusual decision regarding her unborn child.","Elliot Page, Juno, Michael Cera, Paulie Bleeker, Jennifer Garner, Vanessa Loring, Jason Bateman, Mark Loring, Allison Janney, Bren MacGuff, J.K. Simmons, Mac MacGuff, Olivia Thirlby, Leah, Eileen Pedde, Gerta Rauss, Rainn Wilson, Rollo",Juno, Released,English,7000000.0,231450102.0,AU,01/17/2008,2008-01-17,"['Elliot Page', 'Juno', 'Michael Cera', 'Paulie Bleeker', 'Jennifer Garner', 'Vanessa Loring', 'Jason Bateman', 'Mark Loring', 'Allison Janney', 'Bren MacGuff', 'J.K. Simmons', 'Mac MacGuff', 'Olivia Thirlby', 'Leah', 'Eileen Pedde', 'Gerta Rauss', 'Rainn Wilson', 'Rollo']"
The Ruins,04/04/2008 ,59.0,Horror,"Americans Amy, Stacy, Jeff and Eric look for fun during a sunny holiday in Mexico, but they get much more than that after visiting an archaeological dig in the jungle.","Jonathan Tucker, Jeff McIntire, Jena Malone, Amy, Shawn Ashmore, Eric, Laura Ramsey, Stacy, Joe Anderson, Mathias, Sergio Calderón, Lead Mayan, Luis Antonio Ramos, Mayan Rifleman, Dimitri Baveas, Dimitri, Bar Paly, Archeologist",The Ruins, Released,English,25000000.0,22910563.0,AU,04/04/2008,2008-04-04,"['Jonathan Tucker', 'Jeff McIntire', 'Jena Malone', 'Amy', 'Shawn Ashmore', 'Eric', 'Laura Ramsey', 'Stacy', 'Joe Anderson', 'Mathias', 'Sergio Calderón', 'Lead Mayan', 'Luis Antonio Ramos', 'Mayan Rifleman', 'Dimitri Baveas', 'Dimitri', 'Bar Paly', 'Archeologist']"
Step Brothers,09/11/2008 ,66.0,Comedy,"Brennan Huff and Dale Doback might be grown men. But that doesn't stop them from living at home and turning into jealous, competitive stepbrothers when their single parents marry. Brennan's constant competition with Dale strains his mom's marriage to Dale's dad, leaving everyone to wonder whether they'll ever see eye to eye.","Will Ferrell, Brennan Huff, John C. Reilly, Dale Doback, Mary Steenburgen, Nancy Huff, Richard Jenkins, Dr. Robert Doback, Adam Scott, Derek, Kathryn Hahn, Alice, Andrea Savage, Denise, Lurie Poston, Tommy, Elizabeth Yozamp, Tiffany",Step Brothers, Released,English,65000000.0,128107642.0,AU,09/11/2008,2008-09-11,"['Will Ferrell', 'Brennan Huff', 'John C. Reilly', 'Dale Doback', 'Mary Steenburgen', 'Nancy Huff', 'Richard Jenkins', 'Dr. Robert Doback', 'Adam Scott', 'Derek', 'Kathryn Hahn', 'Alice', 'Andrea Savage', 'Denise', 'Lurie Poston', 'Tommy', 'Elizabeth Yozamp', 'Tiffany']"
The Duchess,09/05/2008 ,70.0,"Drama, History, Romance","A chronicle of the life of 18th century aristocrat Georgiana, Duchess of Devonshire, who was reviled for her extravagant political and personal life.","Keira Knightley, Georgiana Cavendish, Duchess of Devonshire, Ralph Fiennes, Duke of Devonshire, Charlotte Rampling, Lady Spencer, Dominic Cooper, Charles Grey, Hayley Atwell, Bess Foster, Simon McBurney, Charles Fox, Aidan McArdle, Richard Brinsley Sheridan, John Shrapnel, General Grey, Alistair Petrie, Heaton",The Duchess, Released,English,27000000.0,45160110.0,GB,09/05/2008,2008-09-05,"['Keira Knightley', 'Georgiana Cavendish', 'Duchess of Devonshire', 'Ralph Fiennes', 'Duke of Devonshire', 'Charlotte Rampling', 'Lady Spencer', 'Dominic Cooper', 'Charles Grey', 'Hayley Atwell', 'Bess Foster', 'Simon McBurney', 'Charles Fox', 'Aidan McArdle', 'Richard Brinsley Sheridan', 'John Shrapnel', 'General Grey', 'Alistair Petrie', 'Heaton']"
"One Piece: Episode of Chopper Plus: Bloom in the Winter, Miracle Cherry Blossom",03/01/2008 ,71.0,"Action, Animation, Adventure, Comedy","A retelling of the Drum Island storyline from the manga. It features Franky, Nico Robin, and the Thousand Sunny, who weren't present in the original version.","Mayumi Tanaka, Luffy, Kazuya Nakai, Roronoa Zoro, Akemi Okamura, Nami, Kappei Yamaguchi, Usopp, Hiroaki Hirata, Sanji, Ikue Otani, Tony Tony Chopper, Yuriko Yamaguchi, Nico Robin, Kazuki Yao, Franky, Masako Nozawa, Dr. Kureha", ＯＮＥ ＰＩＥＣＥ（ワンピース） エピソードオブチョッパー＋冬に咲く、奇跡の桜, Released,Japanese,34420939.2,8654110.0,JP,03/01/2008,2008-03-01,"['Mayumi Tanaka', 'Luffy', 'Kazuya Nakai', 'Roronoa Zoro', 'Akemi Okamura', 'Nami', 'Kappei Yamaguchi', 'Usopp', 'Hiroaki Hirata', 'Sanji', 'Ikue Otani', 'Tony Tony Chopper', 'Yuriko Yamaguchi', 'Nico Robin', 'Kazuki Yao', 'Franky', 'Masako Nozawa', 'Dr. Kureha']"
Scooby-Doo! and the Goblin King,09/18/2008 ,78.0,"Adventure, Animation, Comedy, Family, Fantasy, Music","Scooby-Doo and Shaggy must go into the underworld ruled by The Goblin King in order to stop a mortal named The Amazing Krudsky who wants power and is a threat to their pals: Fred, Velma, and Daphne.","Casey Kasem, Shaggy (voice), Lauren Bacall, The Grand Witch (voice), Tim Curry, The Goblin King (voice), Grey DeLisle, Daphne / Cat Witch / Honeybee (voice), Jim Belushi, Glob (voice), Mindy Cohn, Velma (voice), Wayne Knight, The Amazing Krudsky (voice), Wallace Shawn, Mr. Gibbles (voice), Frank Welker, Scooby-Doo / Fred (voice)",Scooby-Doo! and the Goblin King, Released,English,100780000.0,892986395.2,AU,09/18/2008,2008-09-18,"['Casey Kasem', 'Shaggy (voice)', 'Lauren Bacall', 'The Grand Witch (voice)', 'Tim Curry', 'The Goblin King (voice)', 'Grey DeLisle', 'Daphne / Cat Witch / Honeybee (voice)', 'Jim Belushi', 'Glob (voice)', 'Mindy Cohn', 'Velma (voice)', 'Wayne Knight', 'The Amazing Krudsky (voice)', 'Wallace Shawn', 'Mr. Gibbles (voice)', 'Frank Welker', 'Scooby-Doo / Fred (voice)']"
Secrets of a Desperate Housewife,01/01/2008 ,85.0,,"When she learns that her husband's company is in danger of going under, dedicated housewife Sonoe desperately searches for a way to save his business -- a quest that eventually leads her to seek the counsel of his rival, Tsuyama. After agreeing to accompany Tsuyama to an S&M sex den, the straitlaced Sonoe finds herself entangled in a fetishistic world replete with scintillating secrets and dangerous desires.","Anri Suzuki, ", 團鬼六 人妻 悅縛の宴, Released,Japanese,139800000.0,1430410849.2,US,01/01/2008,2008-01-01,"['Anri Suzuki', '']"
The X Files: I Want to Believe,07/24/2008 ,57.0,"Drama, Mystery, Science Fiction, Thriller","Six years after the events of The X-Files series finale, former FBI agent Doctor Dana Scully is now a staff physician at Our Lady of Sorrows, a Catholic hospital, and treating a boy named Christian who has Sandhoff disease, a terminal brain condition. FBI agent Drummy arrives to ask Scully’s help in locating Fox Mulder, the fugitive former head of the X-Files division, and says they will call off its manhunt for him if he will help investigate the disappearances of several women, including young FBI agent Monica Banan.  Mulder and Scully are called back to duty by the FBI when a former priest claims to be receiving psychic visions pertaining to a kidnapped agent.","David Duchovny, Fox Mulder, Gillian Anderson, Dana Scully, Amanda Peet, ASAC Dakota Whitney, Billy Connolly, Father Joseph Crissman, Xzibit, Agent Mosley Drummy, Mitch Pileggi, Walter Skinner, Callum Keith Rennie, 2nd Abductor - Janke Dacyshyn, Adam Godley, Father Ybarra, Alex Diakun, Gaunt Man",The X Files: I Want to Believe, Released,English,30000000.0,69363381.0,AU,07/24/2008,2008-07-24,"['David Duchovny', 'Fox Mulder', 'Gillian Anderson', 'Dana Scully', 'Amanda Peet', 'ASAC Dakota Whitney', 'Billy Connolly', 'Father Joseph Crissman', 'Xzibit', 'Agent Mosley Drummy', 'Mitch Pileggi', 'Walter Skinner', 'Callum Keith Rennie', '2nd Abductor - Janke Dacyshyn', 'Adam Godley', 'Father Ybarra', 'Alex Diakun', 'Gaunt Man']"
The Chaser,02/14/2008 ,78.0,"Crime, Thriller, Action","Joong-ho is a dirty detective turned pimp in financial trouble as several of his girls have recently disappeared without clearing their debts. While trying to track them down, he finds a clue that the vanished girls were all called up by the same client whom one of his girls is meeting with right now.","Kim Yoon-seok, Jung-ho, Ha Jung-woo, Ji Young-min, Seo Young-hee, Mi-Jin, Kim You-jung, Eun-ji, Jeong In-gi, Detective Lee Gil-woo, Park Hyo-joo, Detective Oh Eun-shil, Jo Deok-jae, Detective Choi, Choi Jung-woo, Mounted Police Chief, Oh Yeon-ah, Sung-hee", 추격자, Released,Korean,120456666.0,4028782.6,KR,02/14/2008,2008-02-14,"['Kim Yoon-seok', 'Jung-ho', 'Ha Jung-woo', 'Ji Young-min', 'Seo Young-hee', 'Mi-Jin', 'Kim You-jung', 'Eun-ji', 'Jeong In-gi', 'Detective Lee Gil-woo', 'Park Hyo-joo', 'Detective Oh Eun-shil', 'Jo Deok-jae', 'Detective Choi', 'Choi Jung-woo', 'Mounted Police Chief', 'Oh Yeon-ah', 'Sung-hee']"
Eagle Eye,10/17/2008 ,64.0,"Mystery, Thriller, Action","Jerry Shaw and Rachel Holloman are two strangers whose lives are suddenly thrown into turmoil by a mysterious woman they have never met. Threatening their lives and family, the unseen caller uses everyday technology to control their actions and push them into increasing danger. As events escalate, Jerry and Rachel become the country's most-wanted fugitives and must figure out what is happening to them.","Shia LaBeouf, Jerry Shaw, Michelle Monaghan, Rachel Holloman, Rosario Dawson, Zoe Perez, Michael Chiklis, Defense Secretary Callister, Anthony Mackie, William Bowman, Ethan Embry, Toby Grant, Billy Bob Thornton, Thomas Morgan, Anthony Azizi, Ranim Khalid, Cameron Boyce, Sam Holloman",Eagle Eye, Released,English,80000000.0,180585259.0,AU,10/17/2008,2008-10-17,"['Shia LaBeouf', 'Jerry Shaw', 'Michelle Monaghan', 'Rachel Holloman', 'Rosario Dawson', 'Zoe Perez', 'Michael Chiklis', 'Defense Secretary Callister', 'Anthony Mackie', 'William Bowman', 'Ethan Embry', 'Toby Grant', 'Billy Bob Thornton', 'Thomas Morgan', 'Anthony Azizi', 'Ranim Khalid', 'Cameron Boyce', 'Sam Holloman']"
Welcome to the Sticks,09/04/2008 ,67.0,"Comedy, Drama, Romance","Although living a comfortable life in Salon-de-Provence, a charming town in the South of France, Julie has been feeling depressed for a while. To please her, Philippe Abrams, a post office administrator, her husband, tries to obtain a transfer to a seaside town, on the French Riviera, at any cost. The trouble is that he is caught red-handed while trying to scam an inspector. Philippe is immediately banished to the distant unheard of town of Bergues, in the Far North of France...","Kad Merad, Philippe Abrams, Dany Boon, Antoine Bailleul, Zoé Félix, Julie Abrams, Lorenzo Ausilia-Foret, Raphaël Abrams, Anne Marivin, Annabelle Deconninck, Philippe Duquesne, Fabrice Canoli, Guy Lecluyse, Yann Vandernoout, Line Renaud, Mrs. Bailleul, Michel Galabru, Julie's Great Uncle", Bienvenue chez les ch'tis, Released,French,11000000.0,245144417.0,AU,09/04/2008,2008-09-04,"['Kad Merad', 'Philippe Abrams', 'Dany Boon', 'Antoine Bailleul', 'Zoé Félix', 'Julie Abrams', 'Lorenzo Ausilia-Foret', 'Raphaël Abrams', 'Anne Marivin', 'Annabelle Deconninck', 'Philippe Duquesne', 'Fabrice Canoli', 'Guy Lecluyse', 'Yann Vandernoout', 'Line Renaud', 'Mrs. Bailleul', 'Michel Galabru', ""Julie's Great Uncle""]"
Australia,11/18/2008 ,66.0,"Adventure, Drama, Romance","Set in northern Australia before World War II, an English aristocrat who inherits a sprawling ranch reluctantly pacts with a stock-man in order to protect her new property from a takeover plot. As the pair drive 2,000 head of cattle over unforgiving landscape, they experience the bombing of Darwin by Japanese forces firsthand.","Nicole Kidman, Lady Sarah Ashley, Hugh Jackman, The Drover, Essie Davis, Katherine, David Wenham, Neil Fletcher, Bryan Brown, King Carney, David Gulpilil, King George, John Jarratt, Sergeant, Shea Adams, Carney Boy, Nathin Butler, Carney Boy",Australia, Released,English,130000000.0,215080810.0,AU,11/18/2008,2008-11-18,"['Nicole Kidman', 'Lady Sarah Ashley', 'Hugh Jackman', 'The Drover', 'Essie Davis', 'Katherine', 'David Wenham', 'Neil Fletcher', 'Bryan Brown', 'King Carney', 'David Gulpilil', 'King George', 'John Jarratt', 'Sergeant', 'Shea Adams', 'Carney Boy', 'Nathin Butler', 'Carney Boy']"
Beethoven's Big Break,12/26/2008 ,52.0,"Family, Comedy","Eddie, a struggling animal trainer and single dad suddenly finds himself the personal wrangler for a large and lovable St. Bernard whose fabulous movie ""audition"" catapults the dog to stardom. However, a trio of unscrupulous ne'er-do-wells have plans to kidnap the famous dog and hold him for ransom.","Jonathan Silverman, Eddie, Moisés Arias, Billy, Rhea Perlman, Patricia, Stephen Tobolowsky, Sal, Eddie Griffin, Stanley, Oscar Nunez, Tick, Jennifer Finnigan, Lisa, Joey Fatone, Bones, Stefanie Scott, Katie",Beethoven's Big Break, Released,English,124600000.0,404605095.8,US,12/26/2008,2008-12-26,"['Jonathan Silverman', 'Eddie', 'Moisés Arias', 'Billy', 'Rhea Perlman', 'Patricia', 'Stephen Tobolowsky', 'Sal', 'Eddie Griffin', 'Stanley', 'Oscar Nunez', 'Tick', 'Jennifer Finnigan', 'Lisa', 'Joey Fatone', 'Bones', 'Stefanie Scott', 'Katie']"
Disaster Movie,10/02/2008 ,33.0,"Comedy, Science Fiction","The filmmaking team behind the hits ""Scary Movie,"" ""Date Movie,"" ""Epic Movie"" and ""Meet The Spartans"" this time puts its unique, inimitable stamp on one of the biggest and most bloated movie genres of all time -- the disaster film.","Matt Lanter, Will, Vanessa Lachey, Amy, Gary 'G. Thang' Johnson, Calvin, Nicole Parker, Enchanted Princess / Amy Winehouse Look-A-Like / Jessica Simpson Look-A-Like, Crista Flanagan, Juney / Hannah Montana, Kim Kardashian, Lisa, Ike Barinholtz, Wolf / Javier Bardem Look-A-Like / Police Officer / Hellboy / Batman / Beowulf / Prince Caspian, Carmen Electra, Beautiful Assassin, Tony Cox, Indiana Jones",Disaster Movie, Released,English,20000000.0,36720752.0,AU,10/02/2008,2008-10-02,"['Matt Lanter', 'Will', 'Vanessa Lachey', 'Amy', ""Gary 'G. Thang' Johnson"", 'Calvin', 'Nicole Parker', 'Enchanted Princess / Amy Winehouse Look-A-Like / Jessica Simpson Look-A-Like', 'Crista Flanagan', 'Juney / Hannah Montana', 'Kim Kardashian', 'Lisa', 'Ike Barinholtz', 'Wolf / Javier Bardem Look-A-Like / Police Officer / Hellboy / Batman / Beowulf / Prince Caspian', 'Carmen Electra', 'Beautiful Assassin', 'Tony Cox', 'Indiana Jones']"
Superhero Movie,04/10/2008 ,52.0,"Comedy, Action, Science Fiction","The team behind Scary Movie takes on the comic book genre in this tale of Rick Riker, a nerdy teen imbued with superpowers by a radioactive dragonfly. And because every hero needs a nemesis, enter Lou Landers, aka the villainously goofy Hourglass.","Drake Bell, Dragonfly, Sara Paxton, Jill Johnson, Christopher McDonald, Lou Landers, Leslie Nielsen, Uncle Albert Adams, Kevin Hart, Trey, Marion Ross, Aunt Lucille, Ryan Hansen, Lance Landers, Keith David, The Chief of Police, Brent Spiner, Dr. Strom",Superhero Movie, Released,English,35000000.0,73026302.0,AU,04/10/2008,2008-04-10,"['Drake Bell', 'Dragonfly', 'Sara Paxton', 'Jill Johnson', 'Christopher McDonald', 'Lou Landers', 'Leslie Nielsen', 'Uncle Albert Adams', 'Kevin Hart', 'Trey', 'Marion Ross', 'Aunt Lucille', 'Ryan Hansen', 'Lance Landers', 'Keith David', 'The Chief of Police', 'Brent Spiner', 'Dr. Strom']"
Sydney White,09/17/2008 ,65.0,Comedy,A modern retelling of Snow White set against students in their freshman year of college in the greek system.,"Amanda Bynes, Sydney White, Sara Paxton, Rachel Witchburn, Matt Long, Tyler Prince, Jeremy Howard, Terrence Lubinecki, Danny Strong, Gurkin, Jack Carpenter, Lenny, John Schneider, Paul White, Samm Levine, Spanky, Arnie Pantoja, George",Sydney White, Released,English,16500000.0,13636339.0,AU,09/17/2008,2008-09-17,"['Amanda Bynes', 'Sydney White', 'Sara Paxton', 'Rachel Witchburn', 'Matt Long', 'Tyler Prince', 'Jeremy Howard', 'Terrence Lubinecki', 'Danny Strong', 'Gurkin', 'Jack Carpenter', 'Lenny', 'John Schneider', 'Paul White', 'Samm Levine', 'Spanky', 'Arnie Pantoja', 'George']"
Meet Dave,07/17/2008 ,53.0,"Comedy, Science Fiction, Adventure, Family","A crew of miniature aliens operate a spaceship that has a human form. While trying to save their planet, the aliens encounter a new problem, as their ship becomes smitten with an Earth woman.","Eddie Murphy, Dave Ming Chang, Elizabeth Banks, Gina Morrison, Gabrielle Union, No. 3 - Cultural Officer, Scott Caan, Dooley, Ed Helms, No. 2 - Second-in-Command, Kevin Hart, No. 17, Pat Kilbane, No. 4 - Security Officer, Judah Friedlander, Engineer, Marc Blucas, Mark",Meet Dave, Released,English,60000000.0,50648806.0,AU,07/17/2008,2008-07-17,"['Eddie Murphy', 'Dave Ming Chang', 'Elizabeth Banks', 'Gina Morrison', 'Gabrielle Union', 'No. 3 - Cultural Officer', 'Scott Caan', 'Dooley', 'Ed Helms', 'No. 2 - Second-in-Command', 'Kevin Hart', 'No. 17', 'Pat Kilbane', 'No. 4 - Security Officer', 'Judah Friedlander', 'Engineer', 'Marc Blucas', 'Mark']"
What Happens in Vegas,05/08/2008 ,61.0,"Comedy, Romance","During a wild vacation in Las Vegas, career woman Joy McNally and playboy Jack Fuller come to the sober realization that they have married each other after a night of drunken abandon. They are then compelled, for legal reasons, to live life as a couple for a limited period of time. At stake is a large amount of money.","Cameron Diaz, Joy McNally, Ashton Kutcher, Jack Fuller, Rob Corddry, Hater, Lake Bell, Tipper, Jason Sudeikis, Mason, Treat Williams, Jack Fuller Sr., Deirdre O'Connell, Mrs. Fuller, Michelle Krusiec, Chong, Dennis Farina, Richard Banger",What Happens in Vegas, Released,English,35000000.0,219375562.0,AU,05/08/2008,2008-05-08,"['Cameron Diaz', 'Joy McNally', 'Ashton Kutcher', 'Jack Fuller', 'Rob Corddry', 'Hater', 'Lake Bell', 'Tipper', 'Jason Sudeikis', 'Mason', 'Treat Williams', 'Jack Fuller Sr.', ""Deirdre O'Connell"", 'Mrs. Fuller', 'Michelle Krusiec', 'Chong', 'Dennis Farina', 'Richard Banger']"
Batman: Gotham Knight,07/03/2008 ,67.0,"Science Fiction, Animation, Action, Crime, Thriller",A collection of key events mark Bruce Wayne's life as he journeys from beginner to Dark Knight.,"Kevin Conroy, Batman / Bruce Wayne (voice), Gary Dourdan, Crispus Allen (voice), Jason Marsden, Thomas Wayne / Cop / Doctor / Youth 2 (voice), Jim Meskimen, Gordon / Deadshot (voice), David McCallum, Alfred Pennyworth (voice), Andrea Romano, Martha Wayne / Dispatcher (voice), Corey Burton, The Russian / Marshall / Scarecrow (voice), Scott Menville, B-Devil / Cop (voice), George Newbern, Man in Black / Guido / Man / Youth 3 (voice)",Batman: Gotham Knight, Released,English,3500000.0,263990102.2,AU,07/03/2008,2008-07-03,"['Kevin Conroy', 'Batman / Bruce Wayne (voice)', 'Gary Dourdan', 'Crispus Allen (voice)', 'Jason Marsden', 'Thomas Wayne / Cop / Doctor / Youth 2 (voice)', 'Jim Meskimen', 'Gordon / Deadshot (voice)', 'David McCallum', 'Alfred Pennyworth (voice)', 'Andrea Romano', 'Martha Wayne / Dispatcher (voice)', 'Corey Burton', 'The Russian / Marshall / Scarecrow (voice)', 'Scott Menville', 'B-Devil / Cop (voice)', 'George Newbern', 'Man in Black / Guido / Man / Youth 3 (voice)']"
There Will Be Blood,02/04/2008 ,81.0,Drama,"Ruthless silver miner, turned oil prospector, Daniel Plainview, moves to oil-rich California. Using his son to project a trustworthy, family-man image, Plainview cons local landowners into selling him their valuable properties for a pittance. However, local preacher Eli Sunday suspects Plainview's motives and intentions, starting a slow-burning feud that threatens both their lives.","Daniel Day-Lewis, Daniel Plainview, Paul Dano, Paul Sunday / Eli Sunday, Kevin J. O'Connor, Henry, Ciarán Hinds, Fletcher Hamilton, Dillon Freasier, H.W. Plainview, Hope Elizabeth Reeves, Elizabeth, Colleen Foy, Mary Sunday, Barry Del Sherman, H. B. Ailman, David Willis, Abel Sunday",There Will Be Blood, Released,English,25000000.0,77208672.0,AU,02/04/2008,2008-02-04,"['Daniel Day-Lewis', 'Daniel Plainview', 'Paul Dano', 'Paul Sunday / Eli Sunday', ""Kevin J. O'Connor"", 'Henry', 'Ciarán Hinds', 'Fletcher Hamilton', 'Dillon Freasier', 'H.W. Plainview', 'Hope Elizabeth Reeves', 'Elizabeth', 'Colleen Foy', 'Mary Sunday', 'Barry Del Sherman', 'H. B. Ailman', 'David Willis', 'Abel Sunday']"
Joy Ride 2: Dead Ahead,10/07/2008 ,55.0,"Crime, Thriller, Horror","While driving to Las Vegas for the bachelor party of her sister Melissa and her fiance Bobby, Kayla stops the car at a gas station to meet her date, Nik, a guy she met on the internet. Nik convinces her to take a secondary road under the protest of Bobby but the car breaks down. They find a house in the middle of nowhere and decide to take the car parked in the house's garage to the next city...","Nicki Aycox, Melissa, Nick Zano, Bobby, Kyle Schmid, Nik, Daniel Boileau, Bald Trucker, Laura Jordan, Kayla, Mark Gibbon, Rusty Nail, Krystal Vrba, lézard, Kathryn Kirkpatrick, Serveuse, Rebecca Davis, Woman Stuck in Snow",Joy Ride 2: Dead Ahead, Released,English,5000000.0,48763622.8,US,10/07/2008,2008-10-07,"['Nicki Aycox', 'Melissa', 'Nick Zano', 'Bobby', 'Kyle Schmid', 'Nik', 'Daniel Boileau', 'Bald Trucker', 'Laura Jordan', 'Kayla', 'Mark Gibbon', 'Rusty Nail', 'Krystal Vrba', 'lézard', 'Kathryn Kirkpatrick', 'Serveuse', 'Rebecca Davis', 'Woman Stuck in Snow']"
The Bucket List,02/14/2008 ,72.0,"Drama, Comedy","Corporate billionaire Edward Cole and working class mechanic Carter Chambers are worlds apart. At a crossroads in their lives, they share a hospital room and discover they have two things in common: a desire to spend the time they have left doing everything they ever wanted to do and an unrealized need to come to terms with who they are. Together they embark on the road trip of a lifetime, becoming friends along the way and learning to live life to the fullest, with insight and humor.","Jack Nicholson, Edward Periman Cole, Morgan Freeman, Carter Chambers, Sean Hayes, Thomas, Beverly Todd, Virginia Chambers, Alfonso Freeman, Roger Chambers, Destiny Brownridge, Maya, Rob Morrow, Dr. Hollins, Dawn Lewis, Flight Attendant, Rowena King, Angelica",The Bucket List, Released,English,45000000.0,174807445.0,AU,02/14/2008,2008-02-14,"['Jack Nicholson', 'Edward Periman Cole', 'Morgan Freeman', 'Carter Chambers', 'Sean Hayes', 'Thomas', 'Beverly Todd', 'Virginia Chambers', 'Alfonso Freeman', 'Roger Chambers', 'Destiny Brownridge', 'Maya', 'Rob Morrow', 'Dr. Hollins', 'Dawn Lewis', 'Flight Attendant', 'Rowena King', 'Angelica']"
Astérix at the Olympic Games,09/18/2008 ,52.0,"Fantasy, Adventure, Comedy, Family","Astérix and Obélix have to win the Olympic Games in order to help their friend Alafolix marry Princess Irina. Brutus uses every trick in the book to have his own team win the game, and get rid of his father Julius Caesar in the process.","Clovis Cornillac, Astérix, Gérard Depardieu, Obélix, Franck Dubosc, Assurancetourix, José Garcia, Couverdepus, Stéphane Rousseau, Alafolix, Jean-Pierre Cassel, Panoramix, Mónica Cruz, Esmeralda, Alain Delon, Jules César, Benoît Poelvoorde, Brutus", Astérix aux Jeux Olympiques, Released,French,97250400.0,132900000.0,AU,09/18/2008,2008-09-18,"['Clovis Cornillac', 'Astérix', 'Gérard Depardieu', 'Obélix', 'Franck Dubosc', 'Assurancetourix', 'José Garcia', 'Couverdepus', 'Stéphane Rousseau', 'Alafolix', 'Jean-Pierre Cassel', 'Panoramix', 'Mónica Cruz', 'Esmeralda', 'Alain Delon', 'Jules César', 'Benoît Poelvoorde', 'Brutus']"
A Tale of Legendary Libido,04/30/2008 ,60.0,"Comedy, Fantasy, Drama","The women in Byeon’s village ridicule his lack of libido, but he has the last laugh when a traveling monk imbues him with the ultimate male power.","Bong Tae-gyu, Byeon Gang-soe, Kim Ye-won, Dal-gaeng, Oh Dal-su, Gang-mok, Youn Yuh-jung, Hal-meom, Jeon Soo-kyung, Hostel owner, Kwon Byung-gil, Go-gwan, JeongSeop Lee, Sa-tto, Seo Yeong, Dan Bi, Go Seo-hee, Seul-bi", 가루지기, Released,Korean,146400000.0,259934071.2,KR,04/30/2008,2008-04-30,"['Bong Tae-gyu', 'Byeon Gang-soe', 'Kim Ye-won', 'Dal-gaeng', 'Oh Dal-su', 'Gang-mok', 'Youn Yuh-jung', 'Hal-meom', 'Jeon Soo-kyung', 'Hostel owner', 'Kwon Byung-gil', 'Go-gwan', 'JeongSeop Lee', 'Sa-tto', 'Seo Yeong', 'Dan Bi', 'Go Seo-hee', 'Seul-bi']"
The Flyboys,08/15/2008 ,76.0,"Adventure, Action",Two boys from a small town find their courage tested when they accidentally stow away aboard an airplane owned by the mob...,"Jesse James, Jason McIntyre, Reiley McClendon, Kyle Barrett, Stephen Baldwin, Silvio Esposito, Tom Sizemore, Angelo Esposito, Jesse Plemons, Bully #1, David H. Stevens, Jack",The Flyboys, Released,English,119400000.0,500107045.2,US,08/15/2008,2008-08-15,"['Jesse James', 'Jason McIntyre', 'Reiley McClendon', 'Kyle Barrett', 'Stephen Baldwin', 'Silvio Esposito', 'Tom Sizemore', 'Angelo Esposito', 'Jesse Plemons', 'Bully #1', 'David H. Stevens', 'Jack']"
Ip Man,12/18/2008 ,77.0,"Drama, Action, History","A semi-biographical account of Yip Man, the first martial arts master to teach the Chinese martial art of Wing Chun. The film focuses on events surrounding Ip that took place in the city of Foshan between the 1930s to 1940s during the Second Sino-Japanese War. Directed by Wilson Yip, the film stars Donnie Yen in the lead role, and features fight choreography by Sammo Hung.","Donnie Yen, Yip Man, Simon Yam, Zhou Qing Quan, Lynn Hung, Zhang Yong Cheng, Hiroyuki Ikeuchi, General Miura, Gordon Lam, Captain Li Zhao, Fan Siu-wong, Jin Shan Zhao, Xing Yu, Master Zealot Lin/Crazy Lin, Wong Yau-Nam, Shao Dan Yuan, Dennis To Yue-Hong, Hu Wei", 葉問, Released,Cantonese,11715578.0,22108789.0,AU,12/18/2008,2008-12-18,"['Donnie Yen', 'Yip Man', 'Simon Yam', 'Zhou Qing Quan', 'Lynn Hung', 'Zhang Yong Cheng', 'Hiroyuki Ikeuchi', 'General Miura', 'Gordon Lam', 'Captain Li Zhao', 'Fan Siu-wong', 'Jin Shan Zhao', 'Xing Yu', 'Master Zealot Lin/Crazy Lin', 'Wong Yau-Nam', 'Shao Dan Yuan', 'Dennis To Yue-Hong', 'Hu Wei']"
The Other Boleyn Girl,03/13/2008 ,66.0,"Drama, Romance, History","A sumptuous and sensual tale of intrigue, romance and betrayal set against the backdrop of a defining moment in European history: two beautiful sisters, Anne and Mary Boleyn, driven by their family's blind ambition, compete for the love of the handsome and passionate King Henry VIII.","Natalie Portman, Anne Boleyn, Scarlett Johansson, Mary Boleyn, Eric Bana, Henry Tudor, Jim Sturgess, George Boleyn, Mark Rylance, Sir Thomas Boleyn, Kristin Scott Thomas, Lady Elizabeth Boleyn, David Morrissey, Thomas Howard - Duke of Norfolk, Benedict Cumberbatch, William Carey, Oliver Coleman, Henry Percy",The Other Boleyn Girl, Released,English,40000000.0,78269970.0,AU,03/13/2008,2008-03-13,"['Natalie Portman', 'Anne Boleyn', 'Scarlett Johansson', 'Mary Boleyn', 'Eric Bana', 'Henry Tudor', 'Jim Sturgess', 'George Boleyn', 'Mark Rylance', 'Sir Thomas Boleyn', 'Kristin Scott Thomas', 'Lady Elizabeth Boleyn', 'David Morrissey', 'Thomas Howard - Duke of Norfolk', 'Benedict Cumberbatch', 'William Carey', 'Oliver Coleman', 'Henry Percy']"
The Wave,03/11/2008 ,75.0,"Drama, Thriller",A school teacher discusses types of government with his class. His students find it too boring to repeatedly go over national socialism and believe that dictatorship cannot be established in modern Germany. He starts an experiment to show how easily the masses can become manipulated.,"Jürgen Vogel, Rainer Wenger, Frederick Lau, Tim, Max Riemelt, Marco, Jennifer Ulrich, Karo, Christiane Paul, Anke Wenger, Elyas M'Barek, Sinan, Cristina do Rego, Lisa, Jacob Matschenz, Dennis, Maximilian Vollmar, Bomber", Die Welle, Released,German,7500000.0,19000000.0,DE,03/11/2008,2008-03-11,"['Jürgen Vogel', 'Rainer Wenger', 'Frederick Lau', 'Tim', 'Max Riemelt', 'Marco', 'Jennifer Ulrich', 'Karo', 'Christiane Paul', 'Anke Wenger', ""Elyas M'Barek"", 'Sinan', 'Cristina do Rego', 'Lisa', 'Jacob Matschenz', 'Dennis', 'Maximilian Vollmar', 'Bomber']"
RocknRolla,09/04/2008 ,70.0,"Action, Crime, Thriller","When a Russian mobster sets up a real estate scam that generates millions of pounds, various members of London's criminal underworld pursue their share of the fortune. Various shady characters, including Mr One-Two, Stella the accountant, and Johnny Quid, a druggie rock-star, try to claim their slice.","Gerard Butler, One-Two, Tom Wilkinson, Lenny Cole, Thandiwe Newton, Stella, Mark Strong, Archy, Idris Elba, Mumbles, Tom Hardy, Handsome Bob, Karel Roden, Uri Omovich, Toby Kebbell, Johnny Quid, Jeremy Piven, Roman",RocknRolla, Released,English,18000000.0,27794339.0,AU,09/04/2008,2008-09-04,"['Gerard Butler', 'One-Two', 'Tom Wilkinson', 'Lenny Cole', 'Thandiwe Newton', 'Stella', 'Mark Strong', 'Archy', 'Idris Elba', 'Mumbles', 'Tom Hardy', 'Handsome Bob', 'Karel Roden', 'Uri Omovich', 'Toby Kebbell', 'Johnny Quid', 'Jeremy Piven', 'Roman']"
Pokémon: Giratina and the Sky Warrior,07/19/2008 ,68.0,"Family, Adventure, Animation, Fantasy","When Giratina is discovered to be able to create parallel dimensions, it's up to Ash and his friends to stop a mysterious stranger from using its powers for evil.","Rica Matsumoto, Satoshi (voice), Ikue Otani, Pikachu (voice), Yuji Ueda, Takeshi (voice), Megumi Toyoguchi, Hikari (voice), Megumi Hayashibara, Musashi (voice), Shin-ichiro Miki, Kojiro (voice), Inuko Inuyama, Nyarth (voice), Yuriko Yamaguchi, Joy (voice), Chinami Nishimura, Junsar (voice)", 劇場版ポケットモンスター ダイヤモンド&パール ギラティナと氷空（そら）の花束 シェイミ, Released,Japanese,56700000.0,43300000.0,JP,07/19/2008,2008-07-19,"['Rica Matsumoto', 'Satoshi (voice)', 'Ikue Otani', 'Pikachu (voice)', 'Yuji Ueda', 'Takeshi (voice)', 'Megumi Toyoguchi', 'Hikari (voice)', 'Megumi Hayashibara', 'Musashi (voice)', 'Shin-ichiro Miki', 'Kojiro (voice)', 'Inuko Inuyama', 'Nyarth (voice)', 'Yuriko Yamaguchi', 'Joy (voice)', 'Chinami Nishimura', 'Junsar (voice)']"
Burn After Reading,09/11/2008 ,66.0,"Comedy, Drama","When a disc containing memoirs of a former CIA analyst falls into the hands of gym employees, Linda and Chad, they see a chance to make enough money for Linda to have life-changing cosmetic surgery. Predictably, events whirl out of control for the duo, and those in their orbit.","George Clooney, Harry Pfarrer, Frances McDormand, Linda Litzke, Brad Pitt, Chad Feldheimer, John Malkovich, Osborne Cox, Tilda Swinton, Katie Cox, Richard Jenkins, Ted, Elizabeth Marvel, Sandy Pfarrer, David Rasche, CIA Officer, J.K. Simmons, CIA Superior",Burn After Reading, Released,English,37000000.0,168167798.0,AU,09/11/2008,2008-09-11,"['George Clooney', 'Harry Pfarrer', 'Frances McDormand', 'Linda Litzke', 'Brad Pitt', 'Chad Feldheimer', 'John Malkovich', 'Osborne Cox', 'Tilda Swinton', 'Katie Cox', 'Richard Jenkins', 'Ted', 'Elizabeth Marvel', 'Sandy Pfarrer', 'David Rasche', 'CIA Officer', 'J.K. Simmons', 'CIA Superior']"
3:10 to Yuma,01/31/2008 ,72.0,Western,"In Arizona in the late 1800s, infamous outlaw Ben Wade and his vicious gang of thieves and murderers have plagued the Southern Railroad. When Wade is captured, Civil War veteran Dan Evans, struggling to survive on his drought-plagued ranch, volunteers to deliver him alive to the ""3:10 to Yuma"", a train that will take the killer to trial.","Russell Crowe, Ben Wade, Christian Bale, Dan Evans, Logan Lerman, William Evans, Dallas Roberts, Grayson Butterfield, Peter Fonda, Byron McElroy, Ben Foster, Charlie Prince, Johnny Whitworth, Tommy Darden, Kevin Durand, Tucker, Luke Wilson, Zeke",3:10 to Yuma, Released,English,48000000.0,71171825.0,AU,01/31/2008,2008-01-31,"['Russell Crowe', 'Ben Wade', 'Christian Bale', 'Dan Evans', 'Logan Lerman', 'William Evans', 'Dallas Roberts', 'Grayson Butterfield', 'Peter Fonda', 'Byron McElroy', 'Ben Foster', 'Charlie Prince', 'Johnny Whitworth', 'Tommy Darden', 'Kevin Durand', 'Tucker', 'Luke Wilson', 'Zeke']"
Felon,11/05/2008 ,72.0,"Action, Crime, Drama, Mystery",A family man convicted of killing an intruder must cope with life afterward in the violent penal system.,"Stephen Dorff, Wade Porter, Val Kilmer, John Smith, Harold Perrineau, Lt. Jackson, Marisol Nichols, Laura Porter, Johnny Lewis, Snowman, Nick Chinlund, Sgt. Roberts, Anne Archer, Maggie, Larnell Stovall, Viper, Sam Shepard, Gordon",Felon, Released,English,2900000.0,135625049.0,AU,11/05/2008,2008-11-05,"['Stephen Dorff', 'Wade Porter', 'Val Kilmer', 'John Smith', 'Harold Perrineau', 'Lt. Jackson', 'Marisol Nichols', 'Laura Porter', 'Johnny Lewis', 'Snowman', 'Nick Chinlund', 'Sgt. Roberts', 'Anne Archer', 'Maggie', 'Larnell Stovall', 'Viper', 'Sam Shepard', 'Gordon']"
Detective Conan: Full Score of Fear,04/19/2008 ,70.0,"Animation, Action, Crime, Mystery","Serial murders involving all kinds have happened. All the victims are from a Music School led by a famous pianist. Conan and company have been invited to a opening concert of the Music Hall built by the pianist. The biggest attraction of this concert is the world famous violin called ""Stradivarius"" and a special appearance of a singer who has perfect pitch.","Minami Takayama, Conan Edogawa (voice), Akira Kamiya, Kogoro Mouri (voice), Wakana Yamazaki, Ran Mouri (voice), Kappei Yamaguchi, Kudo Shinichi (voice), Megumi Hayashibara, Haibara Ai (voice), Naoko Matsui, Sonoko Suzuki (voice), Yukiko Iwai, Ayumi Yoshida (voice), Ikue Otani, Mitsuhiko Tsuburaya (voice), Wataru Takagi, Genta Kojima / Officer Takagi Wataru (voice)", 名探偵コナン 戦慄の楽譜（フルスコア）, Released,Japanese,159940523.8,544794087.2,JP,04/19/2008,2008-04-19,"['Minami Takayama', 'Conan Edogawa (voice)', 'Akira Kamiya', 'Kogoro Mouri (voice)', 'Wakana Yamazaki', 'Ran Mouri (voice)', 'Kappei Yamaguchi', 'Kudo Shinichi (voice)', 'Megumi Hayashibara', 'Haibara Ai (voice)', 'Naoko Matsui', 'Sonoko Suzuki (voice)', 'Yukiko Iwai', 'Ayumi Yoshida (voice)', 'Ikue Otani', 'Mitsuhiko Tsuburaya (voice)', 'Wataru Takagi', 'Genta Kojima / Officer Takagi Wataru (voice)']"
Adventure Time,12/07/2008 ,85.0,"Adventure, Animation, Comedy, Fantasy, Mystery",Pen and Jake have to rescue Princess Bubblegum from the antagonistic Ice King.,"Zack Shada, Pen (voice), John DiMaggio, Jake (voice), Paige Moss, Princess Bubblegum (voice), Dee Bradley Baker, Rainicorn (voice), John Kassir, Ice King (voice)",Adventure Time, Released,English,208000000.0,791131156.2,US,12/07/2008,2008-12-07,"['Zack Shada', 'Pen (voice)', 'John DiMaggio', 'Jake (voice)', 'Paige Moss', 'Princess Bubblegum (voice)', 'Dee Bradley Baker', 'Rainicorn (voice)', 'John Kassir', 'Ice King (voice)']"
Camp Rock,06/20/2008 ,64.0,"Family, Music, Comedy, Drama, TV Movie, Romance","When Mitchie gets a chance to attend Camp Rock, her life takes an unpredictable twist, and she learns just how important it is to be true to yourself.","Demi Lovato, Mitchie Torres, Joe Jonas, Shane Gray, Meaghan Jette Martin, Tess Tyler, Maria Canals-Barrera, Connie Torres, Daniel Fathers, Brown Cesario, Alyson Stoner, Caitlyn Geller, Julie Brown, Dee La Duke, Anna Maria Perez de Tagle, Ella Pador, Jasmine Richards, Margaret ""Peggy"" Dupree",Camp Rock, Released,English,142000000.0,426559612.0,US,06/20/2008,2008-06-20,"['Demi Lovato', 'Mitchie Torres', 'Joe Jonas', 'Shane Gray', 'Meaghan Jette Martin', 'Tess Tyler', 'Maria Canals-Barrera', 'Connie Torres', 'Daniel Fathers', 'Brown Cesario', 'Alyson Stoner', 'Caitlyn Geller', 'Julie Brown', 'Dee La Duke', 'Anna Maria Perez de Tagle', 'Ella Pador', 'Jasmine Richards', 'Margaret ""Peggy"" Dupree']"
Harold & Kumar Escape from Guantanamo Bay,04/30/2008 ,63.0,"Comedy, Adventure","Having satisfied their urge for White Castle, Harold and Kumar jump on a plane to catch up with Harold's love interest, who's headed for the Netherlands. But the pair must change their plans when Kumar is accused of being a terrorist. Rob Corddry also stars in this wild comedy sequel that follows the hapless stoners' misadventures as they try to avoid being captured by the Department of Homeland Security.","John Cho, Harold Lee, Kal Penn, Kumar Patel, Neil Patrick Harris, Neil Patrick Harris, Rob Corddry, Ron Fox, Jack Conley, Deputy Frye, David Krumholtz, Goldstein, Eddie Kaye Thomas, Rosenberg, Roger Bart, Dr. Jack Beecher, Eric Winter, Colton Graham",Harold & Kumar Escape from Guantanamo Bay, Released,English,12000000.0,43353117.0,AU,04/30/2008,2008-04-30,"['John Cho', 'Harold Lee', 'Kal Penn', 'Kumar Patel', 'Neil Patrick Harris', 'Neil Patrick Harris', 'Rob Corddry', 'Ron Fox', 'Jack Conley', 'Deputy Frye', 'David Krumholtz', 'Goldstein', 'Eddie Kaye Thomas', 'Rosenberg', 'Roger Bart', 'Dr. Jack Beecher', 'Eric Winter', 'Colton Graham']"
After Sex,02/19/2008 ,55.0,"Comedy, Romance, Drama","Sex is a background to examine intimacy and vulnerability. Looks at the complexity of modern day relationships told through eight separate couples. Through dialogue and compromising situations, the film takes us from the beginning of a relationship to the aftermath of one, and examines every stage in between seeing humor within the drama, heartache and confusion of it all.","Marc Blucas, Christopher, Jose Pablo Cantillo, Marco, Emmanuelle Chriqui, Jordy, James DeBello, Bob, Noel Fisher, Jay, Dave Franco, Sam, Mila Kunis, Nikki, Taryn Manning, Alanna, Natalie Elizabeth Marston, Kristy",After Sex, Released,English,825000.0,15327010.0,US,02/19/2008,2008-02-19,"['Marc Blucas', 'Christopher', 'Jose Pablo Cantillo', 'Marco', 'Emmanuelle Chriqui', 'Jordy', 'James DeBello', 'Bob', 'Noel Fisher', 'Jay', 'Dave Franco', 'Sam', 'Mila Kunis', 'Nikki', 'Taryn Manning', 'Alanna', 'Natalie Elizabeth Marston', 'Kristy']"
Made of Honor,05/02/2008 ,64.0,"Comedy, Romance","Tom and Hannah have been platonic friends for 10 years. He's a serial dater, while she wants marriage but hasn't found Mr. Right. Just as Tom is starting to think that he is relationship material after all, Hannah gets engaged. When she asks Tom to be her 'maid' of honor, he reluctantly agrees just so he can attempt to stop the wedding and woo her.","Patrick Dempsey, Tom, Michelle Monaghan, Hannah, Kevin McKidd, Colin, Kadeem Hardison, Felix, Chris Messina, Dennis, Richmond Arquette, Gary, Busy Philipps, Melissa, Whitney Cummings, Stephanie, Emily Nelson, Hilary",Made of Honor, Released,English,40000000.0,106548738.0,GB,05/02/2008,2008-05-02,"['Patrick Dempsey', 'Tom', 'Michelle Monaghan', 'Hannah', 'Kevin McKidd', 'Colin', 'Kadeem Hardison', 'Felix', 'Chris Messina', 'Dennis', 'Richmond Arquette', 'Gary', 'Busy Philipps', 'Melissa', 'Whitney Cummings', 'Stephanie', 'Emily Nelson', 'Hilary']"
27 Dresses,01/10/2008 ,64.0,"Comedy, Romance",Altruistic Jane finds herself facing her worst nightmare as her younger sister announces her engagement to the man Jane secretly adores.,"Katherine Heigl, Jane Nichols, James Marsden, Kevin Doyle, Malin Åkerman, Tess Nichols, Judy Greer, Casey, Edward Burns, George, Melora Hardin, Maureen, Brian Kerwin, Hal Nichols, Maulik Pancholy, Trent, David Castro, Pedro",27 Dresses, Released,English,30000000.0,160247805.0,AU,01/10/2008,2008-01-10,"['Katherine Heigl', 'Jane Nichols', 'James Marsden', 'Kevin Doyle', 'Malin Åkerman', 'Tess Nichols', 'Judy Greer', 'Casey', 'Edward Burns', 'George', 'Melora Hardin', 'Maureen', 'Brian Kerwin', 'Hal Nichols', 'Maulik Pancholy', 'Trent', 'David Castro', 'Pedro']"
Journey to the Center of the Earth,07/01/2008 ,40.0,"Action, Adventure, Science Fiction, Fantasy","When an accident leaves a group of researchers trapped beneath the earth's crust, it's up to a drill team, led by Joseph Harnet, to rescue them. But once underground, the team discovers a mysterious -- and horrifying -- subterranean universe.","Dedee Pfeiffer, Emily Radford, Greg Evigan, Joseph Harnet, Vanessa Evigan, Victoria Jansen, Jennifer Dorogi, Kristen Radford, Sara Tomko, Betsy Case, Caroline Attwood, Gretchen Lake, Leah Grimsson, Dorris, Jason S. Gray, General Marks, Michael Tower, Marty",Journey to the Center of the Earth, Released,English,45000000.0,243180937.0,US,07/01/2008,2008-07-01,"['Dedee Pfeiffer', 'Emily Radford', 'Greg Evigan', 'Joseph Harnet', 'Vanessa Evigan', 'Victoria Jansen', 'Jennifer Dorogi', 'Kristen Radford', 'Sara Tomko', 'Betsy Case', 'Caroline Attwood', 'Gretchen Lake', 'Leah Grimsson', 'Dorris', 'Jason S. Gray', 'General Marks', 'Michael Tower', 'Marty']"
The Last Legion,02/13/2008 ,56.0,"Action, Adventure, Fantasy, War","As the Roman empire crumbles, young Romulus Augustus flees the city and embarks on a perilous voyage to Britain to track down a legion of supporters.","Colin Firth, Aurelius, Ben Kingsley, Ambrosinus, Aishwarya Rai Bachchan, Mira, Peter Mullan, Odoacer, Kevin McKidd, Wulfila, John Hannah, Nestor, Iain Glen, Orestes, Thomas Brodie-Sangster, Romulus Augustus, Rupert Friend, Demetrius",The Last Legion, Released,English,67000000.0,25357771.0,AU,02/13/2008,2008-02-13,"['Colin Firth', 'Aurelius', 'Ben Kingsley', 'Ambrosinus', 'Aishwarya Rai Bachchan', 'Mira', 'Peter Mullan', 'Odoacer', 'Kevin McKidd', 'Wulfila', 'John Hannah', 'Nestor', 'Iain Glen', 'Orestes', 'Thomas Brodie-Sangster', 'Romulus Augustus', 'Rupert Friend', 'Demetrius']"
Max Payne,10/16/2008 ,54.0,"Crime, Action, Drama, Thriller","A DEA agent whose family was slain as part of a conspiracy, and an assassin out to avenge her sister's death, join forces to solve a series of murders in New York City.","Mark Wahlberg, Max Payne, Mila Kunis, Mona Sax, Beau Bridges, BB Hensley, Ludacris, Jim Bravura, Chris O'Donnell, Jason Colvin, Donal Logue, Alex Balder, Amaury Nolasco, Jack Lupino, Kate Burton, Nicole Horne, Olga Kurylenko, Natasha",Max Payne, Released,English,35000000.0,87775050.0,AU,10/16/2008,2008-10-16,"['Mark Wahlberg', 'Max Payne', 'Mila Kunis', 'Mona Sax', 'Beau Bridges', 'BB Hensley', 'Ludacris', 'Jim Bravura', ""Chris O'Donnell"", 'Jason Colvin', 'Donal Logue', 'Alex Balder', 'Amaury Nolasco', 'Jack Lupino', 'Kate Burton', 'Nicole Horne', 'Olga Kurylenko', 'Natasha']"
Lakeview Terrace,09/19/2008 ,59.0,"Drama, Crime, Thriller","A young interracial couple has just moved into their California dream home when they become the target of their next-door neighbor, who disapproves of their relationship. A tightly wound LAPD officer has appointed himself the watchdog of the neighborhood. His nightly foot patrols and overly watchful eyes bring comfort to some, but he becomes increasingly aggressive to the newlyweds. These persistent intrusions into their lives cause the couple to fight back.","Samuel L. Jackson, Abel Turner, Patrick Wilson, Chris Mattson, Kerry Washington, Lisa Mattson, Ron Glass, Harold Perreau, Justin Chambers, Donnie Eaton, Jay Hernandez, Javier Villareal, Regine Nehy, Celia Turner, Jaishon Fisher, Marcus Turner, Robert Pine, Captain Wentworth",Lakeview Terrace, Released,English,20000000.0,44821299.0,AU,09/19/2008,2008-09-19,"['Samuel L. Jackson', 'Abel Turner', 'Patrick Wilson', 'Chris Mattson', 'Kerry Washington', 'Lisa Mattson', 'Ron Glass', 'Harold Perreau', 'Justin Chambers', 'Donnie Eaton', 'Jay Hernandez', 'Javier Villareal', 'Regine Nehy', 'Celia Turner', 'Jaishon Fisher', 'Marcus Turner', 'Robert Pine', 'Captain Wentworth']"
Snow Buddies,06/23/2008 ,61.0,"Family, Adventure","Dylan Sprouse, Jim Belushi and Kris Kristofferson lend their voices to this family-friendly tale about a feisty pack of golden retriever puppies that embarks on an Alaskan adventure. When they find themselves stranded in the northern wilderness, the canine offspring of famed sports star Air Bud team up with an experienced sled dog and a husky pup, who teach them the importance of working together.","Skyler Gisondo, B-Dawg (voice), Josh Flitter, Budderball (voice), Liliana Mumy, Rosebud (voice), Henry Hodges, Mudbud (voice), Jimmy Bennett, Buddha (voice), Dylan Sprouse, Shasta (voice), Cainan Wiebe, Pete, Lise Simms, Meg, Kris Kristofferson, Talon (voice)",Snow Buddies, Released,English,4000000.0,50802372.0,AU,06/23/2008,2008-06-23,"['Skyler Gisondo', 'B-Dawg (voice)', 'Josh Flitter', 'Budderball (voice)', 'Liliana Mumy', 'Rosebud (voice)', 'Henry Hodges', 'Mudbud (voice)', 'Jimmy Bennett', 'Buddha (voice)', 'Dylan Sprouse', 'Shasta (voice)', 'Cainan Wiebe', 'Pete', 'Lise Simms', 'Meg', 'Kris Kristofferson', 'Talon (voice)']"
The Midnight Meat Train,08/07/2008 ,61.0,"Horror, Mystery, Fantasy","A photographer's obsessive pursuit of dark subject matter leads him into the path of a serial killer who stalks late night commuters, ultimately butchering them in the most gruesome ways.","Bradley Cooper, Leon Kaufman, Vinnie Jones, Mahogany, Brooke Shields, Susan Hoff, Leslie Bibb, Maya, Roger Bart, Jurgis, Ted Raimi, Randle Cooper, Peter Jacobson, Otto, Barbara Eve Harris, Detective Lynn Hadley, Stephanie Mace, Leigh Cooper",The Midnight Meat Train, Released,English,15000000.0,3533227.0,US,08/07/2008,2008-08-07,"['Bradley Cooper', 'Leon Kaufman', 'Vinnie Jones', 'Mahogany', 'Brooke Shields', 'Susan Hoff', 'Leslie Bibb', 'Maya', 'Roger Bart', 'Jurgis', 'Ted Raimi', 'Randle Cooper', 'Peter Jacobson', 'Otto', 'Barbara Eve Harris', 'Detective Lynn Hadley', 'Stephanie Mace', 'Leigh Cooper']"
Tokyo Train Girls 3: The Sensuous Nurse,04/25/2008 ,46.0,Drama,"Super conservative beautiful maiden Asuka Io in her first original video appearance! A new nurse is stripped of her white uniform and is made to experience sexual indignities. Chinatsu Izawa, the gorgeous actress with the beautiful legs, plays the older supervising nurse. The molestation and white uniformed nurse play by the finest actresses will challenge and stimulate the minds of men all over!","Tomomi Aizu, Yoko Masaki, Io Asuka, Asuka Kunihara, Chinatsu Izawa, Yayoi Motoki, Seiji Karasawa, Dr. Koji Chigusa, Shinjo Yamaguchi, Dr. Kazuhiro Kato", 揺れる電車の中で　破られたナースパンスト, Released,Japanese,89200000.0,450005002.8,JP,04/25/2008,2008-04-25,"['Tomomi Aizu', 'Yoko Masaki', 'Io Asuka', 'Asuka Kunihara', 'Chinatsu Izawa', 'Yayoi Motoki', 'Seiji Karasawa', 'Dr. Koji Chigusa', 'Shinjo Yamaguchi', 'Dr. Kazuhiro Kato']"
"The Good, the Bad, the Weird",07/16/2008 ,72.0,"Action, Adventure, Comedy, Western","The story of three Korean outlaws in 1930s Manchuria and their dealings with the Japanese army and Chinese and Russian bandits. The Good (a bounty hunter), the Bad (a hitman), and the Weird (a thief) battle the army and the bandits in a race to use a treasure map to uncover the riches of legend.","Song Kang-ho, Yoon Tae-goo / The Weird, Lee Byung-hun, Park Chang-yi / The Bad, Jung Woo-sung, Park Do-won / The Good, Yoon Je-moon, Byung-choon, Song Young-chang, Kim Pan-joo, Lee Chung-ah, Song-yi, Kim Kwang-il, Two Blades, Ma Dong-seok, Bear, Jo Kyeong-hun, Doo-chao"," 좋은 놈, 나쁜 놈, 이상한 놈", Released,Korean,10000000.0,118630661.8,KR,07/16/2008,2008-07-16,"['Song Kang-ho', 'Yoon Tae-goo / The Weird', 'Lee Byung-hun', 'Park Chang-yi / The Bad', 'Jung Woo-sung', 'Park Do-won / The Good', 'Yoon Je-moon', 'Byung-choon', 'Song Young-chang', 'Kim Pan-joo', 'Lee Chung-ah', 'Song-yi', 'Kim Kwang-il', 'Two Blades', 'Ma Dong-seok', 'Bear', 'Jo Kyeong-hun', 'Doo-chao']"
Blindness,08/25/2008 ,65.0,"Drama, Mystery, Science Fiction, Thriller","When a sudden plague of blindness devastates a city, a small group of the afflicted band together to triumphantly overcome the horrific conditions of their imposed quarantine.","Julianne Moore, Doctor's Wife, Mark Ruffalo, Doctor, Alice Braga, Woman with Dark Glasses, Yûsuke Iseya, First Blind Man, Yoshino Kimura, First Blind Man's Wife, Don McKellar, Thief, Maury Chaykin, Accountant, Mitchell Nye, Boy, Danny Glover, Man with Black Eye Patch",Blindness, Released,English,25000000.0,20052958.0,BR,08/25/2008,2008-08-25,"['Julianne Moore', ""Doctor's Wife"", 'Mark Ruffalo', 'Doctor', 'Alice Braga', 'Woman with Dark Glasses', 'Yûsuke Iseya', 'First Blind Man', 'Yoshino Kimura', ""First Blind Man's Wife"", 'Don McKellar', 'Thief', 'Maury Chaykin', 'Accountant', 'Mitchell Nye', 'Boy', 'Danny Glover', 'Man with Black Eye Patch']"
Charlie Wilson's War,02/04/2008 ,66.0,"Comedy, Drama, History","The true story of Texas congressman Charlie Wilson's covert dealings in Afghanistan, where his efforts to assist rebels in their war with the Soviets had some unforeseen and long-reaching effects.","Tom Hanks, Charlie Wilson, Amy Adams, Bonnie Bach, Julia Roberts, Joanne Herring, Philip Seymour Hoffman, Gust Avrakotos, Emily Blunt, Jane Liddle, Om Puri, President Zia, Shiri Appleby, Jailbait - Charlie's Angels, Rachel Nichols, Suzanne - Charlie's Angels, Wynn Everett, Receptionist - Charlie's Angel",Charlie Wilson's War, Released,English,75000000.0,119483446.0,AU,02/04/2008,2008-02-04,"['Tom Hanks', 'Charlie Wilson', 'Amy Adams', 'Bonnie Bach', 'Julia Roberts', 'Joanne Herring', 'Philip Seymour Hoffman', 'Gust Avrakotos', 'Emily Blunt', 'Jane Liddle', 'Om Puri', 'President Zia', 'Shiri Appleby', ""Jailbait - Charlie's Angels"", 'Rachel Nichols', ""Suzanne - Charlie's Angels"", 'Wynn Everett', ""Receptionist - Charlie's Angel""]"
Normal,11/20/2008 ,55.0,Drama,"A deadly car accident brings together a group of previously unrelated people, each of whom is forced to deal with the emotional fallout.","Carrie-Anne Moss, Catherine, Kevin Zegers, Jordie, Callum Keith Rennie, Walt, Andrew Airlie, Dale, Tygh Runyan, Dennis, Camille Sullivan, Elise, Lauren Lee Smith, Sherri, Michael Riley, Carl, Brittney Irvin, Melissa",Normal, Released,English,2500000.0,6637749.8,AU,11/20/2008,2008-11-20,"['Carrie-Anne Moss', 'Catherine', 'Kevin Zegers', 'Jordie', 'Callum Keith Rennie', 'Walt', 'Andrew Airlie', 'Dale', 'Tygh Runyan', 'Dennis', 'Camille Sullivan', 'Elise', 'Lauren Lee Smith', 'Sherri', 'Michael Riley', 'Carl', 'Brittney Irvin', 'Melissa']"
Nim's Island,04/03/2008 ,59.0,"Adventure, Comedy, Family, Fantasy",A young girl inhabits an isolated island with her scientist father and communicates with a reclusive author of the novel she's reading.,"Abigail Breslin, Nim Rusoe, Jodie Foster, Alexandra Rover, Gerard Butler, Jack Rusoe / Alex Rover, Michael Carman, Captain, Maddison Joyce, Edmund, Christopher James Baker, Ensign, Rhonda Doyle, Edmund's Mother, Bryan Probets, Australian Tourist #1, Jay Laga'aia, Helicopter Pilot",Nim's Island, Released,English,37000000.0,101857425.0,AU,04/03/2008,2008-04-03,"['Abigail Breslin', 'Nim Rusoe', 'Jodie Foster', 'Alexandra Rover', 'Gerard Butler', 'Jack Rusoe / Alex Rover', 'Michael Carman', 'Captain', 'Maddison Joyce', 'Edmund', 'Christopher James Baker', 'Ensign', 'Rhonda Doyle', ""Edmund's Mother"", 'Bryan Probets', 'Australian Tourist #1', ""Jay Laga'aia"", 'Helicopter Pilot']"
My Best Friend's Girl,10/09/2008 ,57.0,"Romance, Comedy","When Dustin's girlfriend, Alexis, breaks up with him, he employs his best buddy, Tank, to take her out on the worst rebound date imaginable in the hopes that it will send her running back into his arms. But when Tank begins to really fall for Alexis, he finds himself in an impossible position.","Dane Cook, Tank, Kate Hudson, Alexis, Jason Biggs, Dustin, Alec Baldwin, Professor Turner, Lizzy Caplan, Ami, Diora Baird, Rachel, Taran Killam, Josh, Riki Lindhome, Hilary, Mini Anden, Lizzy",My Best Friend's Girl, Released,English,20000000.0,34787111.0,AU,10/09/2008,2008-10-09,"['Dane Cook', 'Tank', 'Kate Hudson', 'Alexis', 'Jason Biggs', 'Dustin', 'Alec Baldwin', 'Professor Turner', 'Lizzy Caplan', 'Ami', 'Diora Baird', 'Rachel', 'Taran Killam', 'Josh', 'Riki Lindhome', 'Hilary', 'Mini Anden', 'Lizzy']"
The Shepherd: Border Patrol,03/04/2008 ,60.0,"Action, Crime, Thriller",A Texas cop battles ex-navy seals who are trying to traffic drugs from Mexico into the USA.,"Jean-Claude Van Damme, Jack Robideaux, Bianca Bree, Kassie Robideaux, Phil McKee, Jed, Scott Adkins, Karp, Miles Anderson, Arthur Pennigton, Todd Jensen, Wray, Andrée Bernard, Lexxi, Gary McDonald, Billy Pawnell, Stephen Lord, Benjamin Meyers",The Shepherd: Border Patrol, Released,English,8500000.0,41221919.2,US,03/04/2008,2008-03-04,"['Jean-Claude Van Damme', 'Jack Robideaux', 'Bianca Bree', 'Kassie Robideaux', 'Phil McKee', 'Jed', 'Scott Adkins', 'Karp', 'Miles Anderson', 'Arthur Pennigton', 'Todd Jensen', 'Wray', 'Andrée Bernard', 'Lexxi', 'Gary McDonald', 'Billy Pawnell', 'Stephen Lord', 'Benjamin Meyers']"
Drillbit Taylor,03/20/2008 ,58.0,Comedy,"Three kids hire a low-budget bodyguard to protect them from the playground bully, not realising he is just a homeless beggar and petty thief looking for some easy cash.","Owen Wilson, Drillbit Taylor, Leslie Mann, Lisa, Nate Hartley, Wade, Troy Gentile, Ryan, David Dorfman, Emmit, Alex Frost, Filkins, Josh Peck, Ronnie, Casey Boersma, Chuck, Dylan Boersma, Nick",Drillbit Taylor, Released,English,40000000.0,49686263.0,AU,03/20/2008,2008-03-20,"['Owen Wilson', 'Drillbit Taylor', 'Leslie Mann', 'Lisa', 'Nate Hartley', 'Wade', 'Troy Gentile', 'Ryan', 'David Dorfman', 'Emmit', 'Alex Frost', 'Filkins', 'Josh Peck', 'Ronnie', 'Casey Boersma', 'Chuck', 'Dylan Boersma', 'Nick']"
Four Christmases,12/04/2008 ,58.0,"Comedy, Romance, Drama","Brad and Kate have made something of an art form out of avoiding their families during the holidays, but this year their foolproof plan is about go bust -- big time. Stuck at the city airport after all departing flights are canceled, the couple is embarrassed to see their ruse exposed to the world by an overzealous television reporter. Now, Brad and Kate are left with precious little choice other than to swallow their pride and suffer the rounds.","Vince Vaughn, Brad McVie, Reese Witherspoon, Kate, Robert Duvall, Howard McVie, Sissy Spacek, Paula, Mary Steenburgen, Marilyn, Jon Voight, Creighton, Kristin Chenoweth, Courtney, Jon Favreau, Denver McVie, Tim McGraw, Dallas McVie",Four Christmases, Released,English,80000000.0,168311558.0,AU,12/04/2008,2008-12-04,"['Vince Vaughn', 'Brad McVie', 'Reese Witherspoon', 'Kate', 'Robert Duvall', 'Howard McVie', 'Sissy Spacek', 'Paula', 'Mary Steenburgen', 'Marilyn', 'Jon Voight', 'Creighton', 'Kristin Chenoweth', 'Courtney', 'Jon Favreau', 'Denver McVie', 'Tim McGraw', 'Dallas McVie']"
L: change the WorLd,08/05/2008 ,59.0,"Fantasy, Action, Thriller, Science Fiction, Mystery","""The human whose name is written in the Death Note shall die."" After making the hardest decision ever, another serious case confronts L. There are only 23 days left and without his best partner Watari, L has to solve the case all by himself for the very first time.","Kenichi Matsuyama, L, Narushi Fukuda, Near, Mayuko Fukuda, Maki, Shingo Tsurumi, Kimihiko Nikaido, Youki Kudoh, Kimiko Kujo, Sei Hiraizumi, Dr. Koichi Matsudo, Bokuzo Masana, Asao Konishi, Yuta Kanai, Tamotsu Yoshizawa, Megumi Sato, Hotsune Misawa", L: Change the WorLd, Released,Japanese,19600000.0,30231200.0,AU,08/05/2008,2008-08-05,"['Kenichi Matsuyama', 'L', 'Narushi Fukuda', 'Near', 'Mayuko Fukuda', 'Maki', 'Shingo Tsurumi', 'Kimihiko Nikaido', 'Youki Kudoh', 'Kimiko Kujo', 'Sei Hiraizumi', 'Dr. Koichi Matsudo', 'Bokuzo Masana', 'Asao Konishi', 'Yuta Kanai', 'Tamotsu Yoshizawa', 'Megumi Sato', 'Hotsune Misawa']"
Vicky Cristina Barcelona,08/15/2008 ,68.0,"Drama, Romance","Two girlfriends on a summer holiday in Spain become enamored with the same painter, unaware that his ex-wife, with whom he has a tempestuous relationship, is about to re-enter the picture.","Scarlett Johansson, Cristina, Rebecca Hall, Vicky, Javier Bardem, Juan Antonio Gonzalo, Penélope Cruz, María Elena, Christopher Evan Welch, Narrator (voice), Chris Messina, Doug, Patricia Clarkson, Judy Nash, Kevin Dunn, Mark Nash, Julio Perillán, Charles",Vicky Cristina Barcelona, Released,English,16000000.0,104504817.0,US,08/15/2008,2008-08-15,"['Scarlett Johansson', 'Cristina', 'Rebecca Hall', 'Vicky', 'Javier Bardem', 'Juan Antonio Gonzalo', 'Penélope Cruz', 'María Elena', 'Christopher Evan Welch', 'Narrator (voice)', 'Chris Messina', 'Doug', 'Patricia Clarkson', 'Judy Nash', 'Kevin Dunn', 'Mark Nash', 'Julio Perillán', 'Charles']"
Batman Unmasked: The Psychology of 'The Dark Knight',07/15/2008 ,75.0,Documentary,"Delve into the world of Batman and the vigilante justice that he brought to the city of Gotham. Batman is a man who, after experiencing great tragedy, devotes his life to an ideal--but what happens when one man takes on the evil underworld alone? Examine why Batman is who he is--and explore how a boy scarred by tragedy becomes a symbol of hope to everyone else.","Robert Clotworthy, Narrator, Dan Didio, Self, Len Wein, Self, Christopher Nolan, Self, Christian Bale, Self, Paul Levitz, Self, Denny O'Neil, Self",Batman Unmasked: The Psychology of 'The Dark Knight', Released,English,98800000.0,580810039.6,US,07/15/2008,2008-07-15,"['Robert Clotworthy', 'Narrator', 'Dan Didio', 'Self', 'Len Wein', 'Self', 'Christopher Nolan', 'Self', 'Christian Bale', 'Self', 'Paul Levitz', 'Self', ""Denny O'Neil"", 'Self']"
Shark Bait,04/09/2008 ,51.0,"Animation, Family","After losing everything, a young fish, Pi, goes to live with his family on the Reef. There he meets the love of his life but finds that she already has the unwanted affections of a bully shark. He must follow his destiny to save her and rid the Reef of this menace for good.","Freddie Prinze Jr., Pi (voice), Rob Schneider, Nerissa (voice), Evan Rachel Wood, Cordelia (voice), Donal Logue, Troy (voice), Andy Dick, Dylan / Curious Shark (voice), Fran Drescher, Pearl (voice), John Rhys-Davies, Thorton (voice), R. Lee Ermey, Jack (voice), Dylan Cash, Young Percy (voice)",Shark Bait, Released,English,128400000.0,351263672.4,AU,04/09/2008,2008-04-09,"['Freddie Prinze Jr.', 'Pi (voice)', 'Rob Schneider', 'Nerissa (voice)', 'Evan Rachel Wood', 'Cordelia (voice)', 'Donal Logue', 'Troy (voice)', 'Andy Dick', 'Dylan / Curious Shark (voice)', 'Fran Drescher', 'Pearl (voice)', 'John Rhys-Davies', 'Thorton (voice)', 'R. Lee Ermey', 'Jack (voice)', 'Dylan Cash', 'Young Percy (voice)']"
Futurama: Bender's Big Score,03/05/2008 ,74.0,"Animation, Comedy, Science Fiction, TV Movie","The Planet Express crew return from cancellation, only to be robbed blind by hideous ""sprunging"" scam artists.  Things go from bad to worse when the scammers hack Bender, start traveling through time, and take Earth over entirely!  Will the crew be able to save the day, or will Bender's larcenous tendencies and their general incompetence doom them all?","Billy West, Philip Fry / Dr. Zoidberg / Prof. Farnsworth / Various (voice), Katey Sagal, Turanga Leela (voice), John DiMaggio, Bender / Various (voice), Phil LaMarr, Hermes Conrad / Ethan ""Bubblegum"" Tate / Various (voice), Lauren Tom, Amy Wong / Philip J. Fry II (voice), Tress MacNeille, Linda van Schoonhoven / Dr. Cahill / Various (voice), Maurice LaMarche, Kif Kroker / Schlump / Various (voice), David Herman, Nudar / Various (voice), Dawnn Lewis, LaBarbara Conrad (voice)",Futurama: Bender's Big Score, Released,English,86600000.0,409222379.8,AU,03/05/2008,2008-03-05,"['Billy West', 'Philip Fry / Dr. Zoidberg / Prof. Farnsworth / Various (voice)', 'Katey Sagal', 'Turanga Leela (voice)', 'John DiMaggio', 'Bender / Various (voice)', 'Phil LaMarr', 'Hermes Conrad / Ethan ""Bubblegum"" Tate / Various (voice)', 'Lauren Tom', 'Amy Wong / Philip J. Fry II (voice)', 'Tress MacNeille', 'Linda van Schoonhoven / Dr. Cahill / Various (voice)', 'Maurice LaMarche', 'Kif Kroker / Schlump / Various (voice)', 'David Herman', 'Nudar / Various (voice)', 'Dawnn Lewis', 'LaBarbara Conrad (voice)']"
Mongol: The Rise of Genghis Khan,06/19/2008 ,67.0,"History, Adventure, War, Action","The story recounts the early life of Genghis Khan, a slave who went on to conquer half the world in the 11th century.","Tadanobu Asano, Genghis Khan / Temüjin, Sun Honglei, Jamukha, Khulan Chuluun, Borte, Aliya, Oelun, Mijid Baasanjav, Esugei, Amadu Mamadakov, Targutai, He Qi, Dai-Sechen, Ben Hon Sun, Monk, Ji Ri Mu Tu, Boorchu", Монгол, Released,Russian,18000000.0,26527510.0,AU,06/19/2008,2008-06-19,"['Tadanobu Asano', 'Genghis Khan / Temüjin', 'Sun Honglei', 'Jamukha', 'Khulan Chuluun', 'Borte', 'Aliya', 'Oelun', 'Mijid Baasanjav', 'Esugei', 'Amadu Mamadakov', 'Targutai', 'He Qi', 'Dai-Sechen', 'Ben Hon Sun', 'Monk', 'Ji Ri Mu Tu', 'Boorchu']"
The Echo,05/25/2008 ,61.0,"Horror, Thriller, Drama, Mystery","An ex-prisoner moves to an old apartment, where one gets to see in the middle of a domestic problem between a police officer, his wife and his daughter. When he tries to intervene, he will be caught in a mysterious curse.","Jesse Bradford, Bobby, Amelia Warner, Alyssa, Carlos Leon, Hector, Iza Calzado, Gina, Kevin Durand, Walter, Louise Linton, Katie, Jamie Bloch, Carly, Pruitt Taylor Vince, Joseph, Aron Tager, Old Man",The Echo, Released,English,5000000.0,124048.0,US,05/25/2008,2008-05-25,"['Jesse Bradford', 'Bobby', 'Amelia Warner', 'Alyssa', 'Carlos Leon', 'Hector', 'Iza Calzado', 'Gina', 'Kevin Durand', 'Walter', 'Louise Linton', 'Katie', 'Jamie Bloch', 'Carly', 'Pruitt Taylor Vince', 'Joseph', 'Aron Tager', 'Old Man']"
Day of the Dead,04/08/2008 ,52.0,"Horror, Thriller, Action","When a small Colorado town is overrun by the flesh hungry dead, a small group of survivors try to escape in a last ditch effort to stay alive.","Mena Suvari, Sarah Bowman, Stark Sands, Bud Crain, Michael Welch, Trevor Bowman, AnnaLynne McCord, Nina, Nick Cannon, Salazar, Matt Rippy, Doctor Logan, Pat Kilbane, Scientist, Taylor Hoover, Local Girl, Christa Campbell, Mrs. Leitner",Day of the Dead, Released,English,18000000.0,0.0,US,04/08/2008,2008-04-08,"['Mena Suvari', 'Sarah Bowman', 'Stark Sands', 'Bud Crain', 'Michael Welch', 'Trevor Bowman', 'AnnaLynne McCord', 'Nina', 'Nick Cannon', 'Salazar', 'Matt Rippy', 'Doctor Logan', 'Pat Kilbane', 'Scientist', 'Taylor Hoover', 'Local Girl', 'Christa Campbell', 'Mrs. Leitner']"
Day of the Dead,04/08/2008 ,52.0,"Horror, Thriller, Action","When a small Colorado town is overrun by the flesh hungry dead, a small group of survivors try to escape in a last ditch effort to stay alive.","Mena Suvari, Sarah Bowman, Stark Sands, Bud Crain, Michael Welch, Trevor Bowman, AnnaLynne McCord, Nina, Nick Cannon, Salazar, Matt Rippy, Doctor Logan, Pat Kilbane, Scientist, Taylor Hoover, Local Girl, Christa Campbell, Mrs. Leitner",Day of the Dead, Released,English,3500000.0,34004262.0,US,04/08/2008,2008-04-08,"['Mena Suvari', 'Sarah Bowman', 'Stark Sands', 'Bud Crain', 'Michael Welch', 'Trevor Bowman', 'AnnaLynne McCord', 'Nina', 'Nick Cannon', 'Salazar', 'Matt Rippy', 'Doctor Logan', 'Pat Kilbane', 'Scientist', 'Taylor Hoover', 'Local Girl', 'Christa Campbell', 'Mrs. Leitner']"
Lost Boys: The Tribe,11/20/2008 ,47.0,"Horror, Thriller, Comedy","After moving to a new California town, a young woman learns that her new friends are a pack of vampires.","Tad Hilgenbrink, Chris Emerson, Angus Sutherland, Shane Powers, Autumn Reeser, Nicole Emerson, Gabrielle Rose, Aunt Jillian, Corey Feldman, Edgar Frog, Shaun Sipos, Kyle, Merwin Mondesir, Erik, Kyle Cassie, Jon, Moneca Delain, Lisa",Lost Boys: The Tribe, Released,English,105600000.0,830215344.6,AU,11/20/2008,2008-11-20,"['Tad Hilgenbrink', 'Chris Emerson', 'Angus Sutherland', 'Shane Powers', 'Autumn Reeser', 'Nicole Emerson', 'Gabrielle Rose', 'Aunt Jillian', 'Corey Feldman', 'Edgar Frog', 'Shaun Sipos', 'Kyle', 'Merwin Mondesir', 'Erik', 'Kyle Cassie', 'Jon', 'Moneca Delain', 'Lisa']"
Young People Fucking,11/28/2008 ,57.0,"Comedy, Drama, Romance","On a Tuesday night, five couples have separate sexual adventures. Matt and Kris, friends for years, want to have an only-once, no-strings good time. Abby and Andrew, married, celebrate his birthday, but it's marred by angst and miscommunication. Mia and Eric are exes, making sure they are over each other. Jaime and Ken work together and this is a first date. Inez and Gord invite his roommate, Dave, to join them. By the time each couple has gone through a prelude, foreplay, sex, an interlude, orgasm, and afterglow, they've answered basic questions: can sex be anonymous, are we bored, is our marriage really finished, does anyone tell the truth, and how do we make someone happy?","Aaron Abrams, Matt, Carly Pope, Chris, Kristin Booth, Abby, Josh Dean, Andrew, Sonja Bennett, Mia, Diora Baird, Jamie, Callum Blue, Ken, Josh Cooke, Eric, Ennis Esmer, Gord",Young People Fucking, Released,English,1500000.0,5901645.8,AU,11/28/2008,2008-11-28,"['Aaron Abrams', 'Matt', 'Carly Pope', 'Chris', 'Kristin Booth', 'Abby', 'Josh Dean', 'Andrew', 'Sonja Bennett', 'Mia', 'Diora Baird', 'Jamie', 'Callum Blue', 'Ken', 'Josh Cooke', 'Eric', 'Ennis Esmer', 'Gord']"
Front of the Class,01/01/2008 ,78.0,"Drama, TV Movie","""Front of the Class"" is based on the true story of Brad Cohen -- played in the movie by Jimmy Wolk -- who, after being challenged by Tourette's syndrome from a very young age, defies all odds to become a gifted teacher","James Wolk, Brad Cohen, Treat Williams, Norman Cohen, Mike Pniewski, Principal Myer, Patricia Heaton, Ellen Cohen, Sarah Drew, Nancy Lazarus, Breanna Brooks, Molly, Chase McDaniel, Bully, Dominic Scott Kay, Young Brad Cohen, Kathleen York, Diane",Front of the Class, Released,English,96800000.0,436644599.4,US,01/01/2008,2008-01-01,"['James Wolk', 'Brad Cohen', 'Treat Williams', 'Norman Cohen', 'Mike Pniewski', 'Principal Myer', 'Patricia Heaton', 'Ellen Cohen', 'Sarah Drew', 'Nancy Lazarus', 'Breanna Brooks', 'Molly', 'Chase McDaniel', 'Bully', 'Dominic Scott Kay', 'Young Brad Cohen', 'Kathleen York', 'Diane']"
Body of Lies,11/01/2008 ,66.0,"Action, Drama, Thriller","The CIA’s hunt is on for the mastermind of a wave of terrorist attacks. Roger Ferris is the agency’s man on the ground, moving from place to place, scrambling to stay ahead of ever-shifting events. An eye in the sky – a satellite link – watches Ferris.  At the other end of that real-time link is the CIA’s Ed Hoffman, strategizing events from thousands of miles away. And as Ferris nears the target, he discovers trust can be just as dangerous as it is necessary for survival.","Leonardo DiCaprio, Roger Ferris, Russell Crowe, Ed Hoffman, Mark Strong, Hani, Ali Soliman, Omar Sadiki, Simon McBurney, Garland, Michael Gaston, Holiday, Mehdi Nebbou, Nizar, Golshifteh Farahani, Aisha, Oscar Isaac, Bassam",Body of Lies, Released,English,67500000.0,118556530.0,AU,11/01/2008,2008-11-01,"['Leonardo DiCaprio', 'Roger Ferris', 'Russell Crowe', 'Ed Hoffman', 'Mark Strong', 'Hani', 'Ali Soliman', 'Omar Sadiki', 'Simon McBurney', 'Garland', 'Michael Gaston', 'Holiday', 'Mehdi Nebbou', 'Nizar', 'Golshifteh Farahani', 'Aisha', 'Oscar Isaac', 'Bassam']"
War of the Worlds 2: The Next Wave,03/18/2008 ,41.0,"Action, Science Fiction, Adventure","Two years after the Martian invasion, George Herbert's worst fears are realized: The Aliens have returned. As a second wave of Martian walkers lay waste to what's left of Earth, an alliance of military forces prepares a daring attack on the Red Planet itself. Once again, the future of mankind hangs in the balance.","C. Thomas Howell, George Herbert, Fred Griffith, Major Kramer, Zack Beseda, Squid killer, Christopher Reid, Pete, Kim Little, Victoria Reed, Jonathan Levit, Gorman, Danna Brady, Sissy, Darren Dalton, Shackleford, Jonathan Nation, Stram",War of the Worlds 2: The Next Wave, Released,English,500000.0,1261937.0,US,03/18/2008,2008-03-18,"['C. Thomas Howell', 'George Herbert', 'Fred Griffith', 'Major Kramer', 'Zack Beseda', 'Squid killer', 'Christopher Reid', 'Pete', 'Kim Little', 'Victoria Reed', 'Jonathan Levit', 'Gorman', 'Danna Brady', 'Sissy', 'Darren Dalton', 'Shackleford', 'Jonathan Nation', 'Stram']"
Before the Devil Knows You're Dead,03/20/2008 ,71.0,"Crime, Drama, Thriller","When two brothers organize the robbery of their parents' jewelry store, the job goes horribly wrong, triggering a series of events that send them and their family hurtling towards a shattering climax.","Philip Seymour Hoffman, Andy Hanson, Ethan Hawke, Hank Hanson, Albert Finney, Charles Hanson, Marisa Tomei, Gina Hanson, Aleksa Palladino, Chris Lasorda, Michael Shannon, Dex, Amy Ryan, Martha Hanson, Sarah Livingston, Danielle, Brían F. O'Byrne, Bobby Lasorda",Before the Devil Knows You're Dead, Released,English,18000000.0,25005257.0,AU,03/20/2008,2008-03-20,"['Philip Seymour Hoffman', 'Andy Hanson', 'Ethan Hawke', 'Hank Hanson', 'Albert Finney', 'Charles Hanson', 'Marisa Tomei', 'Gina Hanson', 'Aleksa Palladino', 'Chris Lasorda', 'Michael Shannon', 'Dex', 'Amy Ryan', 'Martha Hanson', 'Sarah Livingston', 'Danielle', ""Brían F. O'Byrne"", 'Bobby Lasorda']"
Asterix and the Vikings,11/20/2008 ,61.0,"Family, Animation, Comedy, Adventure","Asterix and Obelix have been given a tough mission: Transform the chief's lazy nephew Justforkix into a warrior. When the Vikings abduct him and bring him back to their homeland, Asterix and Obelix must travel to Norway to rescue Justforkix.","Roger Carel, Astérix (voice), Lorànt Deutsch, Goudurix (voice), Sara Forestier, Abba (voice), Jacques Frantz, Obélix (voice), Stéphane Fourreau, Olibrius (voice), Pierre Palmade, Cryptograf (voice), Pierre Tchernia, Narrator (voice), Bernard Alane, Assuracetourix (voice), Marc Alfos, Grossebaf (voice)", Astérix et les Vikings, Released,French,14080000.0,22501596.0,AU,11/20/2008,2008-11-20,"['Roger Carel', 'Astérix (voice)', 'Lorànt Deutsch', 'Goudurix (voice)', 'Sara Forestier', 'Abba (voice)', 'Jacques Frantz', 'Obélix (voice)', 'Stéphane Fourreau', 'Olibrius (voice)', 'Pierre Palmade', 'Cryptograf (voice)', 'Pierre Tchernia', 'Narrator (voice)', 'Bernard Alane', 'Assuracetourix (voice)', 'Marc Alfos', 'Grossebaf (voice)']"
Unstable Fables: 3 Pigs & a Baby,01/01/2008 ,61.0,"Family, Animation, Comedy","When the three pigs find a tiny wolf cub on their doorstep, they decide to raise him as their own, unaware that they've played right into the plan of a special-ops team of wolves. As the newest addition to their family, Lucky grows into his teens not knowing his history, his role in the wolves' plan or the difficult choice he will have to make about the family that raised him.","Jon Cryer, Richard Pig (voice), Brad Garrett, Mason Pig (voice), Steve Zahn, Sandy Pig (voice), Tom Kenny, Dr. Wolfowitz (voice), Jesse McCartney, Lucky - Teenager (voice), Steve Wilcox, Big Boss Wolf / Lone Wolf / Grunt (voice), Nolan North, Big Bad Wolf / Eager Young Wolf / Dash Hammet / Wolf Guard (voice), Tara Strong, Construction Cow / Teen Girl Wolf / Popular Girl (voice), Audrey Wasilewski, Hamlet / Contractor Cow (voice)",Unstable Fables: 3 Pigs & a Baby, Released,English,91400000.0,406352523.8,US,01/01/2008,2008-01-01,"['Jon Cryer', 'Richard Pig (voice)', 'Brad Garrett', 'Mason Pig (voice)', 'Steve Zahn', 'Sandy Pig (voice)', 'Tom Kenny', 'Dr. Wolfowitz (voice)', 'Jesse McCartney', 'Lucky - Teenager (voice)', 'Steve Wilcox', 'Big Boss Wolf / Lone Wolf / Grunt (voice)', 'Nolan North', 'Big Bad Wolf / Eager Young Wolf / Dash Hammet / Wolf Guard (voice)', 'Tara Strong', 'Construction Cow / Teen Girl Wolf / Popular Girl (voice)', 'Audrey Wasilewski', 'Hamlet / Contractor Cow (voice)']"
Tombstone of the Fireflies,07/05/2008 ,74.0,"Drama, War","Set during World War II, the film follows a young brother and sister as they attempt to survive the aftermath of the firebombing of Kobe City.","Reo Yoshitake, Seita, Rina Hatakeyama, Setsuko, Keiko Matsuzaka, Widow, Seiko Matsuda, Yukiko, Hiromi Chino, Kimie Honjo, Jun Etoh, Masao Honjo, Kazuki Hagiwara, Widow's son", 火垂るの墓, Released,Japanese,64000000.0,215463947.4,JP,07/05/2008,2008-07-05,"['Reo Yoshitake', 'Seita', 'Rina Hatakeyama', 'Setsuko', 'Keiko Matsuzaka', 'Widow', 'Seiko Matsuda', 'Yukiko', 'Hiromi Chino', 'Kimie Honjo', 'Jun Etoh', 'Masao Honjo', 'Kazuki Hagiwara', ""Widow's son""]"
Mad Money,01/17/2008 ,65.0,"Action, Comedy, Crime",Three female employees of the Federal Reserve plot to steal money that is about to be destroyed.,"Diane Keaton, Bridget Cardigan, Queen Latifah, Nina Brewster, Katie Holmes, Jackie Truman, Ted Danson, Don Cardigan, Roger Cross, Barry, Stephen Root, Glover, J. C. MacKenzie, Mandelbrot, Christopher McDonald, Bryce Arbogast, Finesse Mitchell, Shaun",Mad Money, Released,English,22000000.0,25044057.0,US,01/17/2008,2008-01-17,"['Diane Keaton', 'Bridget Cardigan', 'Queen Latifah', 'Nina Brewster', 'Katie Holmes', 'Jackie Truman', 'Ted Danson', 'Don Cardigan', 'Roger Cross', 'Barry', 'Stephen Root', 'Glover', 'J. C. MacKenzie', 'Mandelbrot', 'Christopher McDonald', 'Bryce Arbogast', 'Finesse Mitchell', 'Shaun']"
Lars and the Real Girl,04/03/2008 ,72.0,"Comedy, Drama, Romance","Extremely shy Lars finds it impossible to make friends or socialize. His brother and sister-in-law worry about him, so when he announces that he has a girlfriend he met on the Internet, they are overjoyed. But Lars' new lady is a life-size plastic woman. On the advice of a doctor, his family and the rest of the community go along with his delusion.","Ryan Gosling, Lars Lindstrom, Emily Mortimer, Karin, Paul Schneider, Gus, Kelli Garner, Margo, Patricia Clarkson, Dr. Dagmar Berman, Lauren Ash, Holly, R.D. Reid, Reverand Bock, Nancy Beatty, Mrs. Gruner, Doug Lennox, Mr. Hofstedter",Lars and the Real Girl, Released,English,12500000.0,11277119.0,AU,04/03/2008,2008-04-03,"['Ryan Gosling', 'Lars Lindstrom', 'Emily Mortimer', 'Karin', 'Paul Schneider', 'Gus', 'Kelli Garner', 'Margo', 'Patricia Clarkson', 'Dr. Dagmar Berman', 'Lauren Ash', 'Holly', 'R.D. Reid', 'Reverand Bock', 'Nancy Beatty', 'Mrs. Gruner', 'Doug Lennox', 'Mr. Hofstedter']"
Sorry if I Love You,01/25/2008 ,59.0,Comedy,"Alex Belli is a 37 year old advertising executive whose fiancée Elena has just left him, and who is having difficulty at work trying to think of a good advertising campaign for a new Japanese product. Niki is a bubbly 17 year old student. She has three best friends with whom she shares all her problems, and an annoying ex-boyfriend Fabio who is set on getting her back, but Niki's not interested. One day on his way to work, Alex collides with Niki on a city street. They soon begin a romance, despite their 20-year age gap.","Raoul Bova, Alessandro 'Alex' Belli, Michela Quattrociocche, Niki Cavalli, Francesca Ferrazzo, Erica, Beatrice Valente, Olly, Michelle Carpente, Diletta, Francesco Apolloni, Pietro, Luca Angeletti, Enrico, Ignazio Oliva, Flavio, Luca Ward, Tony Costa", Scusa ma ti chiamo amore, Released,Italian,135159000.0,234980052.8,IT,01/25/2008,2008-01-25,"['Raoul Bova', ""Alessandro 'Alex' Belli"", 'Michela Quattrociocche', 'Niki Cavalli', 'Francesca Ferrazzo', 'Erica', 'Beatrice Valente', 'Olly', 'Michelle Carpente', 'Diletta', 'Francesco Apolloni', 'Pietro', 'Luca Angeletti', 'Enrico', 'Ignazio Oliva', 'Flavio', 'Luca Ward', 'Tony Costa']"
Dragon Wars: D-War,02/14/2008 ,45.0,"Fantasy, Drama, Horror, Action, Thriller, Science Fiction","Based on the Korean legend, unknown creatures will return and devastate the planet. Reporter Ethan Kendrick is called in to investigate the matter.","Jason Behr, Ethan Kendrick, Amanda Brooks, Sarah Daniels, Robert Forster, Jack, Craig Robinson, Bruce, Aimee Garcia, Brandy, Chris Mulkey, Agent Frank Pinsky, John Ales, Agent Judah Campbell, Elizabeth Peña, Agent Linda Perez, Billy Gardell, Zoo Guard", 디 워, Released,Korean,32000000.0,79915361.0,AU,02/14/2008,2008-02-14,"['Jason Behr', 'Ethan Kendrick', 'Amanda Brooks', 'Sarah Daniels', 'Robert Forster', 'Jack', 'Craig Robinson', 'Bruce', 'Aimee Garcia', 'Brandy', 'Chris Mulkey', 'Agent Frank Pinsky', 'John Ales', 'Agent Judah Campbell', 'Elizabeth Peña', 'Agent Linda Perez', 'Billy Gardell', 'Zoo Guard']"
iCarly: iGo to Japan,11/08/2008 ,68.0,"Comedy, Family","Carly, Sam and Freddie kick off their adventure in Japan on a tin can of a plane packed with caged possums and piloted by Spencer's odd acquaintance.","Miranda Cosgrove, Carly Shay, Jennette McCurdy, Sam Puckett, Nathan Kress, Freddie Benson, Jerry Trainor, Spencer Shay, Mary Scheer, Marissa Benson, Elaine Mani Lee, Clerk, Ally Maki, Kyôko, Harry Shum Jr., Yûki, Tohoru Masamune, Massage Therapist #1",iCarly: iGo to Japan, Released,English,120400000.0,461753653.4,US,11/08/2008,2008-11-08,"['Miranda Cosgrove', 'Carly Shay', 'Jennette McCurdy', 'Sam Puckett', 'Nathan Kress', 'Freddie Benson', 'Jerry Trainor', 'Spencer Shay', 'Mary Scheer', 'Marissa Benson', 'Elaine Mani Lee', 'Clerk', 'Ally Maki', 'Kyôko', 'Harry Shum Jr.', 'Yûki', 'Tohoru Masamune', 'Massage Therapist #1']"
Appleseed: Ex Machina,07/11/2008 ,65.0,"Animation, Action, Thriller, Science Fiction","As members of ESWAT, the elite forces serving Olympus, Deunan and Briaereos are deployed anywhere trouble strikes. Olympus finds itself under a stealth attack - cyborg terrorism, deadly nanotech zealots, and rioting citizens are just some of the threats that Deunan must contend with as she fights to save Olympus!","Ai Kobayashi, Deunan Knute (voice), Koichi Yamadera, Brialeos Hecatombcales (voice), Yūji Kishi, Tereus (voice), Kong Kuwata, Aeacus (voice), Shinpachi Tsuji, Commander Lance (voice), Gara Takashima, Athena (voice), Rei Igarashi, Nike (voice), Rica Fukami, Yoshino (voice), Takaya Hashi, Dr. Kestner (voice)", エクスマキナ, Released,Japanese,80800000.0,522718277.8,AU,07/11/2008,2008-07-11,"['Ai Kobayashi', 'Deunan Knute (voice)', 'Koichi Yamadera', 'Brialeos Hecatombcales (voice)', 'Yūji Kishi', 'Tereus (voice)', 'Kong Kuwata', 'Aeacus (voice)', 'Shinpachi Tsuji', 'Commander Lance (voice)', 'Gara Takashima', 'Athena (voice)', 'Rei Igarashi', 'Nike (voice)', 'Rica Fukami', 'Yoshino (voice)', 'Takaya Hashi', 'Dr. Kestner (voice)']"
Cleaner,05/28/2008 ,60.0,"Crime, Thriller, Mystery","Single father and former cop Tom Cutler has an unusual occupation: he cleans up death scenes. But when he's called in to sterilize a wealthy suburban residence after a brutal shooting, Cutler is shocked to learn he may have unknowingly erased crucial evidence, entangling himself in a dirty criminal cover-up.","Samuel L. Jackson, Tom Cutler, Ed Harris, Eddie Lorenzo, Eva Mendes, Ann Norcut, Luis Guzmán, Det. Jim Vargas, Keke Palmer, Rose Cutler, Maggie Lawson, Cherie, Jose Pablo Cantillo, Miguel, Robert Forster, Arlo Grange, Terry Milam, Victim's Neighbor",Cleaner, Released,English,25000000.0,5796630.0,AU,05/28/2008,2008-05-28,"['Samuel L. Jackson', 'Tom Cutler', 'Ed Harris', 'Eddie Lorenzo', 'Eva Mendes', 'Ann Norcut', 'Luis Guzmán', 'Det. Jim Vargas', 'Keke Palmer', 'Rose Cutler', 'Maggie Lawson', 'Cherie', 'Jose Pablo Cantillo', 'Miguel', 'Robert Forster', 'Arlo Grange', 'Terry Milam', ""Victim's Neighbor""]"
Gurren Lagann the Movie: Childhood's End,09/06/2008 ,76.0,"Action, Comedy, Animation","Simon and Kamina live in an underground city monitored by the village chief. When Simon stumbles upon an artifact and beastmen invade from the surface, Simon and Kamina rebel against them.","Tetsuya Kakihara, Simon (voice), Katsuyuki Konishi, Kamina (voice), Marina Inoue, Yoko Littner (voice), Yukari Fukui, Nia Teppelin (voice), Nobuyuki Hiyama, Viral (voice), Mitsuki Saiga, Rossiu Adai (voice), Masaya Onosaka, Leeron Littner (voice), Michiko Neya, Adiane (voice), Kiyoshi Kawakubo, Guame (voice)", 劇場版 天元突破グレンラガン 紅蓮篇, Released,Japanese,1715000.0,1880000.0,JP,09/06/2008,2008-09-06,"['Tetsuya Kakihara', 'Simon (voice)', 'Katsuyuki Konishi', 'Kamina (voice)', 'Marina Inoue', 'Yoko Littner (voice)', 'Yukari Fukui', 'Nia Teppelin (voice)', 'Nobuyuki Hiyama', 'Viral (voice)', 'Mitsuki Saiga', 'Rossiu Adai (voice)', 'Masaya Onosaka', 'Leeron Littner (voice)', 'Michiko Neya', 'Adiane (voice)', 'Kiyoshi Kawakubo', 'Guame (voice)']"
The Kite Runner,01/17/2008 ,73.0,Drama,"After spending years in California, Amir returns to his homeland in Afghanistan to help his old friend Hassan, whose son is in trouble.","Ahmad Khan Mahmoodzada, Young Hassan, Atossa Leoni, Soraya, Khalid Abdalla, Amir, Elham Ehsas, Young Assef, Homayoun Ershadi, Baba, Saïd Taghmaoui, Farid, Mustafa Haidari, Party Worker, Shaun Toub, Rahim Kahn, Zekeria Ebrahimi, Young Amir",The Kite Runner, Released,English,20000000.0,74180745.0,AU,01/17/2008,2008-01-17,"['Ahmad Khan Mahmoodzada', 'Young Hassan', 'Atossa Leoni', 'Soraya', 'Khalid Abdalla', 'Amir', 'Elham Ehsas', 'Young Assef', 'Homayoun Ershadi', 'Baba', 'Saïd Taghmaoui', 'Farid', 'Mustafa Haidari', 'Party Worker', 'Shaun Toub', 'Rahim Kahn', 'Zekeria Ebrahimi', 'Young Amir']"
The Accidental Husband,02/29/2008 ,55.0,"Comedy, Romance","Emma, a radio host, is about to be married to Richard, her perfect match. But right before her wedding, she learns she's already married to Patrick, a charming but irresponsible fireman. Furthermore, Patrick has a secret: he has arranged this little trick because Emma advised Patrick's ex-fiancée to end their relationship. However, Patrick may find that the trick is on him, for he soon begins to fall in love with his uptight adversary.","Uma Thurman, Emma, Colin Firth, Richard, Jeffrey Dean Morgan, Patrick, Sam Shepard, Wilder, Isabella Rossellini, Mrs. Bollenbecker, Brooke Adams, Carolyn, Keir Dullea, Mr. Bollenbecker, Justina Machado, Sofia, Lindsay Sloane, Marcy",The Accidental Husband, Released,English,6261000.0,22707064.0,AU,02/29/2008,2008-02-29,"['Uma Thurman', 'Emma', 'Colin Firth', 'Richard', 'Jeffrey Dean Morgan', 'Patrick', 'Sam Shepard', 'Wilder', 'Isabella Rossellini', 'Mrs. Bollenbecker', 'Brooke Adams', 'Carolyn', 'Keir Dullea', 'Mr. Bollenbecker', 'Justina Machado', 'Sofia', 'Lindsay Sloane', 'Marcy']"
Deception,04/24/2008 ,59.0,"Thriller, Mystery","As a corporate auditor who works in a number of different offices, Jonathan McQuarry wanders without an anchor among New York's power brokers. A chance meeting with charismatic lawyer Wyatt Bose leads to Jonathan's introduction to The List, an underground sex club. Jonathan begins an affair with a woman known only as S, who introduces Jonathan to a world of treachery and murder.","Hugh Jackman, Wyatt Bose, Ewan McGregor, Jonathan McQuarry, Michelle Williams, S, Natasha Henstridge, Simone Wilkinson, Bruce Altman, Lawyer #1, Shannan Click, List Member #3, Paz de la Huerta, List Member #1, Daisy Bates, List Member #2, Charlotte Rampling, Wall Street Belle",Deception, Released,English,25000000.0,12850033.0,AU,04/24/2008,2008-04-24,"['Hugh Jackman', 'Wyatt Bose', 'Ewan McGregor', 'Jonathan McQuarry', 'Michelle Williams', 'S', 'Natasha Henstridge', 'Simone Wilkinson', 'Bruce Altman', 'Lawyer #1', 'Shannan Click', 'List Member #3', 'Paz de la Huerta', 'List Member #1', 'Daisy Bates', 'List Member #2', 'Charlotte Rampling', 'Wall Street Belle']"
The Sisterhood of the Traveling Pants 2,08/06/2008 ,62.0,"Adventure, Comedy, Drama","Four young women continue the journey toward adulthood that began with ""The Sisterhood of the Traveling Pants."" Now three years later, these lifelong friends embark on separate paths for their first year of college and the summer beyond, but remain in touch by sharing their experiences with each other.","Amber Tamblyn, Tibby Rollins, America Ferrera, Carmen Lowell, Blake Lively, Bridget Vreeland, Alexis Bledel, Lena Kaligaris, Rachel Nichols, Julia Beckwith, Tom Wisdom, Ian, Rachel Ticotin, Christina Lowell, Leonardo Nam, Brian McBrian, Michael Rady, Kostas Dounas",The Sisterhood of the Traveling Pants 2, Released,English,27000000.0,44270131.0,US,08/06/2008,2008-08-06,"['Amber Tamblyn', 'Tibby Rollins', 'America Ferrera', 'Carmen Lowell', 'Blake Lively', 'Bridget Vreeland', 'Alexis Bledel', 'Lena Kaligaris', 'Rachel Nichols', 'Julia Beckwith', 'Tom Wisdom', 'Ian', 'Rachel Ticotin', 'Christina Lowell', 'Leonardo Nam', 'Brian McBrian', 'Michael Rady', 'Kostas Dounas']"
A Matter of Loaf and Death,12/18/2008 ,73.0,"Animation, Comedy, Family","Wallace and Gromit open a bakery, accidentally getting tied up with a murder mystery in the process. But when Wallace falls in love, Gromit is left to solve the case by himself.","Peter Sallis, Wallace (voice), Sally Lindsay, Piella (voice), Melissa Collier, Fluffles (voice), Sarah Laborde, Bake-O-Lite Singer (voice), Geraldine McEwan, Miss Thripp (voice) (uncredited), Ben Whitehead, Bob the Baker (voice) (uncredited)",A Matter of Loaf and Death, Released,English,90000000.0,761987823.8,AU,12/18/2008,2008-12-18,"['Peter Sallis', 'Wallace (voice)', 'Sally Lindsay', 'Piella (voice)', 'Melissa Collier', 'Fluffles (voice)', 'Sarah Laborde', 'Bake-O-Lite Singer (voice)', 'Geraldine McEwan', 'Miss Thripp (voice) (uncredited)', 'Ben Whitehead', 'Bob the Baker (voice) (uncredited)']"
Nick and Norah's Infinite Playlist,10/03/2008 ,65.0,"Comedy, Music, Drama","Nick cannot stop obsessing over his ex-girlfriend, Tris, until Tris' friend Norah suddenly shows interest in him at a club. Thus begins an odd night filled with ups and downs as the two keep running into Tris and her new boyfriend while searching for Norah's drunken friend, Caroline, with help from Nick's band mates. As the night winds down, the two have to figure out what they want from each other.","Michael Cera, Nick, Kat Dennings, Norah, Aaron Yoo, Thom, Rafi Gavron, Dev, Ari Graynor, Caroline, Alexis Dziena, Tris, Jonathan B. Wright, Beefy Guy (Lethario), Zachary Booth, Gary, Jay Baruchel, Tal",Nick and Norah's Infinite Playlist, Released,English,10000000.0,33886017.0,US,10/03/2008,2008-10-03,"['Michael Cera', 'Nick', 'Kat Dennings', 'Norah', 'Aaron Yoo', 'Thom', 'Rafi Gavron', 'Dev', 'Ari Graynor', 'Caroline', 'Alexis Dziena', 'Tris', 'Jonathan B. Wright', 'Beefy Guy (Lethario)', 'Zachary Booth', 'Gary', 'Jay Baruchel', 'Tal']"
Kick the Cock,09/04/2008 ,41.0,Comedy,"Kick the Cock is an old Dutch saying, meaning Peek in the Kitchen.","Tinto Brass, The Boss, Angelita Franco, The Maid",Kick the Cock, Released,Italian,69200000.0,160644775.4,IT,09/04/2008,2008-09-04,"['Tinto Brass', 'The Boss', 'Angelita Franco', 'The Maid']"
Space Chimps,09/25/2008 ,48.0,"Animation, Family, Adventure, Comedy, Science Fiction",Three chimps are sent into space to explore the possibility of alien life when an unmanned space shuttle crash lands on an uncharted planet.,"Andy Samberg, Ham III (voice), Cheryl Hines, Luna (voice), Jeff Daniels, Zartog (voice), Patrick Warburton, Titan (voice), Kristin Chenoweth, Kilowatt (voice), Kenan Thompson, Ringmaster (voice), Zack Shada, Comet / Nava Boy (voice), Carlos Alazraqui, Houston (voice), Omid Abtahi, Dr. Jagu (voice)",Space Chimps, Released,English,37000000.0,67029956.0,AU,09/25/2008,2008-09-25,"['Andy Samberg', 'Ham III (voice)', 'Cheryl Hines', 'Luna (voice)', 'Jeff Daniels', 'Zartog (voice)', 'Patrick Warburton', 'Titan (voice)', 'Kristin Chenoweth', 'Kilowatt (voice)', 'Kenan Thompson', 'Ringmaster (voice)', 'Zack Shada', 'Comet / Nava Boy (voice)', 'Carlos Alazraqui', 'Houston (voice)', 'Omid Abtahi', 'Dr. Jagu (voice)']"
Red Cliff,10/13/2008 ,72.0,"Action, Adventure, Drama, History, War","In 208 A.D., in the final days of the Han Dynasty, shrewd Prime Minster Cao convinced the fickle Emperor Han the only way to unite all of China was to declare war on the kingdoms of Xu in the west and East Wu in the south. Thus began a military campaign of unprecedented scale. Left with no other hope for survival, the kingdoms of Xu and East Wu formed an unlikely alliance.","Tony Leung Chiu-wai, Zhou Yu, Takeshi Kaneshiro, Zhuge Liang, Zhang Feng Yi, Cao Cao, Chang Chen, Sun Quan, Zhao Wei, Sun Shangxiang, Hu Jun, Zhao Yun, Shidô Nakamura, Gan Xing, Chi-Ling Lin, Xiao Qiao, You Yong, Liu Bei", 赤壁, Released,Chinese,40000000.0,119627047.0,AU,10/13/2008,2008-10-13,"['Tony Leung Chiu-wai', 'Zhou Yu', 'Takeshi Kaneshiro', 'Zhuge Liang', 'Zhang Feng Yi', 'Cao Cao', 'Chang Chen', 'Sun Quan', 'Zhao Wei', 'Sun Shangxiang', 'Hu Jun', 'Zhao Yun', 'Shidô Nakamura', 'Gan Xing', 'Chi-Ling Lin', 'Xiao Qiao', 'You Yong', 'Liu Bei']"
"OSS 117: Cairo, Nest of Spies",11/07/2008 ,73.0,"Crime, Action, Adventure, Comedy","Secret agent OSS 117 foils Nazis, beds local beauties, and brings peace to the Middle East.","Jean Dujardin, Hubert Bonisseur de La Bath, alias OSS 117, Bérénice Bejo, Larmina El Akmar Betouche, Aure Atika, La princesse Al Tarouk, Philippe Lefebvre, Jack Jefferson, Constantin Alexandrov, Setine, Saïd Amadis, Le ministre égyptien, Laurent Bateau, Gardenborough, Claude Brosset, Le patron, François Damiens, Raymond Pelletier"," OSS 117 : Le Caire, nid d'espions", Released,French,132000000.0,587519945.2,AU,11/07/2008,2008-11-07,"['Jean Dujardin', 'Hubert Bonisseur de La Bath', 'alias OSS 117', 'Bérénice Bejo', 'Larmina El Akmar Betouche', 'Aure Atika', 'La princesse Al Tarouk', 'Philippe Lefebvre', 'Jack Jefferson', 'Constantin Alexandrov', 'Setine', 'Saïd Amadis', 'Le ministre égyptien', 'Laurent Bateau', 'Gardenborough', 'Claude Brosset', 'Le patron', 'François Damiens', 'Raymond Pelletier']"
Restraint,08/19/2008 ,60.0,"Drama, Thriller",Two fugitives land in hot water when they take a hostage who poses a threat to their well-being.,"Travis Fimmel, Ron, Teresa Palmer, Dale, Stephen Moyer, Andrew, Philip Holder, Sgt. Paul Widdens, Margie McCrae, Mrs. Wynott, Peter Davies, Terry Gilmore, Taylor Owyns, Angela (Antique Dealer), Keith Robinson, Mr. Middleton, Nate Jones, Tim (Bank Teller)",Restraint, Released,English,134200000.0,264583010.6,AU,08/19/2008,2008-08-19,"['Travis Fimmel', 'Ron', 'Teresa Palmer', 'Dale', 'Stephen Moyer', 'Andrew', 'Philip Holder', 'Sgt. Paul Widdens', 'Margie McCrae', 'Mrs. Wynott', 'Peter Davies', 'Terry Gilmore', 'Taylor Owyns', 'Angela (Antique Dealer)', 'Keith Robinson', 'Mr. Middleton', 'Nate Jones', 'Tim (Bank Teller)']"
Femme Fatale,10/11/2008 ,62.0,"Thriller, Crime, Romance","A $10-million diamond rip-off, a stolen identity, a new life married to a diplomat. Laure Ash has risked big, won big. But then a tabloid shutterbug snaps her picture in Paris, and suddenly, enemies from Laure's secret past know who and where she is. And they all want their share of the diamond heist. Or her life. Or both.","Rebecca Romijn, Laure Ash / Lily Watts, Antonio Banderas, Nicolas Bardo, Peter Coyote, Watts, Ériq Ebouaney, Black Tie, Édouard Montoute, Racine, Rie Rasmussen, Veronica, Thierry Frémont, Serra, Gregg Henry, Shiff, Fiona Curzon, Stanfield Phillips",Femme Fatale, Released,English,35000000.0,16830252.0,AU,10/11/2008,2008-10-11,"['Rebecca Romijn', 'Laure Ash / Lily Watts', 'Antonio Banderas', 'Nicolas Bardo', 'Peter Coyote', 'Watts', 'Ériq Ebouaney', 'Black Tie', 'Édouard Montoute', 'Racine', 'Rie Rasmussen', 'Veronica', 'Thierry Frémont', 'Serra', 'Gregg Henry', 'Shiff', 'Fiona Curzon', 'Stanfield Phillips']"
100 Feet,07/22/2008 ,55.0,"Horror, Thriller","After Marnie Watson kills her abusive husband in self-defense, she is condemned to house arrest... only to discover that the house is possessed by the enraged and violent spirit of her dead husband.","Famke Janssen, Marnie Watson, Bobby Cannavale, Shanks, Ed Westwick, Joey, Michael Paré, Mike Watson / The Ghost, Patricia Charbonneau, Frances, John Fallon, Jimmy, Kevin Geer, Father Pritchet, Tibor Pálffy, Homeless Man, Kembe Sorel, Patrolman",100 Feet, Released,English,10000000.0,1415804.0,AU,07/22/2008,2008-07-22,"['Famke Janssen', 'Marnie Watson', 'Bobby Cannavale', 'Shanks', 'Ed Westwick', 'Joey', 'Michael Paré', 'Mike Watson / The Ghost', 'Patricia Charbonneau', 'Frances', 'John Fallon', 'Jimmy', 'Kevin Geer', 'Father Pritchet', 'Tibor Pálffy', 'Homeless Man', 'Kembe Sorel', 'Patrolman']"
9to5: Days in Porn,08/24/2008 ,58.0,Documentary,"9to5 - Days in Porn focuses on the people behind a controversial and multi-billion dollar industry ""The Adult Entertainment industry"". It depicts their stories, each one different, unadorned and authentic, without glorification or prejudice. It delivers deep insight into their personal lives - from glamorous to grotesque - strange, fascinating, offensive, absurd and sometimes funny moments all at once.","Monique Alexander, Herself, Belladonna, Herself, Sasha Grey, Herself, Audrey Hollander, Herself, Andrew Blake, Himself, Otto Bauer, Himself, Katja Kassin, Herself, Jesse Jane, Herself, Lorelei Lee, Herself",9to5: Days in Porn, Released,English,68500000.0,280052393.0,US,08/24/2008,2008-08-24,"['Monique Alexander', 'Herself', 'Belladonna', 'Herself', 'Sasha Grey', 'Herself', 'Audrey Hollander', 'Herself', 'Andrew Blake', 'Himself', 'Otto Bauer', 'Himself', 'Katja Kassin', 'Herself', 'Jesse Jane', 'Herself', 'Lorelei Lee', 'Herself']"
Persuasion,06/08/2008 ,74.0,"Romance, Drama, TV Movie",Persuasion is the newest adaptation of the classic Jane Austen novel of the same name published in 1818. Anne falls deeply in love with handsome young naval officer Frederick Wentworth at the age of nineteen.,"Sally Hawkins, Anne Elliot, Rupert Penry-Jones, Captain Wentworth, Alice Krige, Lady Russell, Anthony Stewart Head, Sir Walter Elliot, Julia Davis, Elizabeth Elliot, Mary Stockley, Mrs. Clay, Nicholas Farrell, Mr. Musgrove, Tobias Menzies, William Elliot, Jennifer Higham, Louisa Musgrove",Persuasion, Released,English,145000000.0,658691465.4,AU,06/08/2008,2008-06-08,"['Sally Hawkins', 'Anne Elliot', 'Rupert Penry-Jones', 'Captain Wentworth', 'Alice Krige', 'Lady Russell', 'Anthony Stewart Head', 'Sir Walter Elliot', 'Julia Davis', 'Elizabeth Elliot', 'Mary Stockley', 'Mrs. Clay', 'Nicholas Farrell', 'Mr. Musgrove', 'Tobias Menzies', 'William Elliot', 'Jennifer Higham', 'Louisa Musgrove']"
St. Trinian's,03/27/2008 ,59.0,"Comedy, Family, Science Fiction","When their beloved school is threatened with closure should the powers that be fail to raise the proper funds, the girls scheme to steal a priceless painting and use the profits to pull St. Trinian's out of the red.","Talulah Riley, Annabelle Fritton, Rupert Everett, Camilla Fritton / Carnaby Fritton, Gemma Arterton, Kelly Jones, Colin Firth, Geoffrey Thwaites, Lena Headey, Miss Dickinson, Jodie Whittaker, Beverly, Russell Brand, Flash Harry, Anna Chancellor, Miss Bagstock, Juno Temple, Celia",St. Trinian's, Released,English,22620000.0,29066681.0,AU,03/27/2008,2008-03-27,"['Talulah Riley', 'Annabelle Fritton', 'Rupert Everett', 'Camilla Fritton / Carnaby Fritton', 'Gemma Arterton', 'Kelly Jones', 'Colin Firth', 'Geoffrey Thwaites', 'Lena Headey', 'Miss Dickinson', 'Jodie Whittaker', 'Beverly', 'Russell Brand', 'Flash Harry', 'Anna Chancellor', 'Miss Bagstock', 'Juno Temple', 'Celia']"
The Rocker,08/20/2008 ,60.0,"Comedy, Music","In the 1980s, a drummer is abandoned by his band just before they become rock superstars. Twenty years later, the drummer sees his second chance at stardom arise when he is asked to perform with his teenage nephew's high school rock band.","Rainn Wilson, Robert 'Fish' Fishman, Josh Gad, Matt Gadman, Christina Applegate, Kim, Emma Stone, Amelia, Teddy Geiger, Curtis, Jeff Garlin, Stan, Jane Lynch, Lisa, Jason Sudeikis, David Marshall, Will Arnett, Lex",The Rocker, Released,English,15000000.0,8767338.0,US,08/20/2008,2008-08-20,"['Rainn Wilson', ""Robert 'Fish' Fishman"", 'Josh Gad', 'Matt Gadman', 'Christina Applegate', 'Kim', 'Emma Stone', 'Amelia', 'Teddy Geiger', 'Curtis', 'Jeff Garlin', 'Stan', 'Jane Lynch', 'Lisa', 'Jason Sudeikis', 'David Marshall', 'Will Arnett', 'Lex']"
Tyson,05/16/2008 ,68.0,"Documentary, Drama","Director James Toback takes an unflinching, uncompromising look at the life of Mike Tyson--almost solely from the perspective of the man himself. TYSON alternates between the controversial boxer addressing the camera and shots of the champion's fights to create an arresting picture of the man.","Mike Tyson, Himself, Cus D'Amato, Trainer/Manager, Don King, Promotor, Robin Givens, Herself, Mills Lane, Himself, Evander Holyfield, , Lennox Lewis, , Trevor Berbick, , James Douglas, Self (archive footage)",Tyson, Released,English,111440000.0,434220852.6,US,05/16/2008,2008-05-16,"['Mike Tyson', 'Himself', ""Cus D'Amato"", 'Trainer/Manager', 'Don King', 'Promotor', 'Robin Givens', 'Herself', 'Mills Lane', 'Himself', 'Evander Holyfield', '', 'Lennox Lewis', '', 'Trevor Berbick', '', 'James Douglas', 'Self (archive footage)']"
Soul Men,11/07/2008 ,62.0,"Comedy, Music","Two former backup soul singers, Louis and Floyd, have not spoken to each other in 20 years, and reluctantly agree to travel across the country together to a reunion concert to honor their recently-deceased lead singer. Cleo, a beautiful young woman who is believed to be Floyd's daughter, accompanies them as a new singer.","Samuel L. Jackson, Louis Hinds, Bernie Mac, Floyd Henderson, Sharon Leal, Cleo, Adam Herschman, Phillip, Sean Hayes, Danny Epstein, Affion Crockett, Lester, Jackie Long, Zig-Zag, Mike Epps, Duane Henderson, John Legend, Marcus Hooks",Soul Men, Released,English,40000000.0,12345883.0,US,11/07/2008,2008-11-07,"['Samuel L. Jackson', 'Louis Hinds', 'Bernie Mac', 'Floyd Henderson', 'Sharon Leal', 'Cleo', 'Adam Herschman', 'Phillip', 'Sean Hayes', 'Danny Epstein', 'Affion Crockett', 'Lester', 'Jackie Long', 'Zig-Zag', 'Mike Epps', 'Duane Henderson', 'John Legend', 'Marcus Hooks']"
Ghajini,12/25/2008 ,70.0,"Action, Romance, Thriller","A man suffering from anterograde amnesia as a result of a violent attack in the past sets out to avenge his girlfriend's death with the aid of photographs, notes and tattoos all over his body.","Aamir Khan, Sanjay Singhania, Asin Thottumkal, Kalpana Shetty, Jiah Khan, Sunita, Pradeep Ram Singh Rawat, Ghajini Dharmatma, Riyaz Khan, Inspector Arjun, Khalid Siddiqui, Air Voice Manager, Tinnu Anand, Satveer Kohl, Sunil Grover, Sampat, Sai Tamhankar, Sunita's Friend", गजनी, Released,Hindi,9100000.0,76000000.0,IN,12/25/2008,2008-12-25,"['Aamir Khan', 'Sanjay Singhania', 'Asin Thottumkal', 'Kalpana Shetty', 'Jiah Khan', 'Sunita', 'Pradeep Ram Singh Rawat', 'Ghajini Dharmatma', 'Riyaz Khan', 'Inspector Arjun', 'Khalid Siddiqui', 'Air Voice Manager', 'Tinnu Anand', 'Satveer Kohl', 'Sunil Grover', 'Sampat', 'Sai Tamhankar', ""Sunita's Friend""]"
Kung Fu Dunk,02/07/2008 ,57.0,"Action, Adventure, Comedy","Shi-Jie is a brilliant martial artist from the Kung Fu School. One day, he encounters a group of youths playing basketball and shows off how easy it is for him, with his martial arts training, to do a Slam Dunk. Watching him was Chen-Li, a shrewd businessman, who recruits him to play varsity basketball at the local university.","Jay Chou, Fang Shijie, Charlene Choi, Lily, Eric Tsang, Zhen Li, Wang Gang, Wang Biao, Chen Bolin, Ding-Wei, Ng Man-tat, Master Wu, Baron Chen, Xiao Lan, Leung Kar-yan, Master Fei, Eddy Ko, Fang's master", 功夫灌篮, Released,Chinese,10000000.0,22896728.0,HK,02/07/2008,2008-02-07,"['Jay Chou', 'Fang Shijie', 'Charlene Choi', 'Lily', 'Eric Tsang', 'Zhen Li', 'Wang Gang', 'Wang Biao', 'Chen Bolin', 'Ding-Wei', 'Ng Man-tat', 'Master Wu', 'Baron Chen', 'Xiao Lan', 'Leung Kar-yan', 'Master Fei', 'Eddy Ko', ""Fang's master""]"
Welcome Home Roscoe Jenkins,02/08/2008 ,61.0,"Comedy, Drama","When a celebrated TV show host returns to his hometown in the South, his family is there to remind him that going home is no vacation!","Martin Lawrence, Roscoe Jenkins, James Earl Jones, Papa Jenkins, Margaret Avery, Mamma Jenkins, Joy Bryant, Bianca Kittles, Cedric the Entertainer, Clyde Stubb, Nicole Ari Parker, Lucinda Allen, Michael Clarke Duncan, Sheriff Otis Jenkins, Mike Epps, Reggie, Mo'Nique, Betty",Welcome Home Roscoe Jenkins, Released,English,27500000.0,43607627.0,US,02/08/2008,2008-02-08,"['Martin Lawrence', 'Roscoe Jenkins', 'James Earl Jones', 'Papa Jenkins', 'Margaret Avery', 'Mamma Jenkins', 'Joy Bryant', 'Bianca Kittles', 'Cedric the Entertainer', 'Clyde Stubb', 'Nicole Ari Parker', 'Lucinda Allen', 'Michael Clarke Duncan', 'Sheriff Otis Jenkins', 'Mike Epps', 'Reggie', ""Mo'Nique"", 'Betty']"
Untraceable,04/17/2008 ,62.0,Thriller,"Special Agent Jennifer Marsh works in an elite division of the FBI dedicated to fighting cybercrime. She thinks she has seen it all, until a particularly sadistic criminal arises on the Internet. This tech-savvy killer posts live feeds of his crimes on his website; the more hits the site gets, the faster the victim dies. Marsh and her team must find the elusive killer before time runs out.","Diane Lane, Agent Jennifer Marsh, Billy Burke, Eric Box, Colin Hanks, Griffin Dowd, Joseph Cross, Owen Reilly, Mary Beth Hurt, Stella Marsh, Peter Lewis, Richard Brooks, Perla Haney-Jardine, Annie Haskins, Christopher Cousins, David Williams, Jesse Tyler Ferguson, Arthur James Elmer",Untraceable, Released,English,35000000.0,52649951.0,AU,04/17/2008,2008-04-17,"['Diane Lane', 'Agent Jennifer Marsh', 'Billy Burke', 'Eric Box', 'Colin Hanks', 'Griffin Dowd', 'Joseph Cross', 'Owen Reilly', 'Mary Beth Hurt', 'Stella Marsh', 'Peter Lewis', 'Richard Brooks', 'Perla Haney-Jardine', 'Annie Haskins', 'Christopher Cousins', 'David Williams', 'Jesse Tyler Ferguson', 'Arthur James Elmer']"
Walk Hard: The Dewey Cox Story,01/24/2008 ,66.0,"Comedy, Music, Drama","Following a childhood tragedy, Dewey Cox follows a long and winding road to music stardom. Dewey perseveres through changing musical styles, an addiction to nearly every drug known and bouts of uncontrollable rage.","John C. Reilly, Dewford ‘Dewey’ Cox, Jenna Fischer, Darlene Madison, Raymond J. Barry, Pa Cox, Kristen Wiig, Edith, Tim Meadows, Sam, Harold Ramis, L'Chai'm, Frankie Muniz, Buddy Holly, Chris Parnell, Theo, Margo Martindale, Ma Cox",Walk Hard: The Dewey Cox Story, Released,English,35000000.0,20606053.0,AU,01/24/2008,2008-01-24,"['John C. Reilly', 'Dewford ‘Dewey’ Cox', 'Jenna Fischer', 'Darlene Madison', 'Raymond J. Barry', 'Pa Cox', 'Kristen Wiig', 'Edith', 'Tim Meadows', 'Sam', 'Harold Ramis', ""L'Chai'm"", 'Frankie Muniz', 'Buddy Holly', 'Chris Parnell', 'Theo', 'Margo Martindale', 'Ma Cox']"
Stargate: The Ark of Truth,03/11/2008 ,72.0,"Action, Adventure, Science Fiction, TV Movie","SG-1 searches for an ancient weapon which could help them defeat the Ori, and discover it may be in the Ori's own home galaxy. As the Ori prepare to send ships through to the Milky Way to attack Earth, SG-1 travels to the Ori galaxy aboard the Odyssey. The International Oversight committee have their own plans and SG-1 finds themselves in a distant galaxy fighting two powerful enemies.","Ben Browder, Lt. Col. Cameron Mitchell, Amanda Tapping, Lt. Col. Samantha Carter, Christopher Judge, Teal'c, Michael Shanks, Dr. Daniel Jackson, Beau Bridges, Maj. Gen. Henry Landry, Claudia Black, Vala Mal Doran, Morena Baccarin, Adria, Tim Guinee, Tomin, Julian Sands, Doci",Stargate: The Ark of Truth, Released,English,7000000.0,8900000.0,AU,03/11/2008,2008-03-11,"['Ben Browder', 'Lt. Col. Cameron Mitchell', 'Amanda Tapping', 'Lt. Col. Samantha Carter', 'Christopher Judge', ""Teal'c"", 'Michael Shanks', 'Dr. Daniel Jackson', 'Beau Bridges', 'Maj. Gen. Henry Landry', 'Claudia Black', 'Vala Mal Doran', 'Morena Baccarin', 'Adria', 'Tim Guinee', 'Tomin', 'Julian Sands', 'Doci']"
"Merry Christmas, Drake & Josh",12/05/2008 ,74.0,"Comedy, TV Movie",Step brothers Drake and Josh must give a foster family the best Christmas ever or face years in jail for a Christmas party gone wrong.,"Drake Bell, Drake Parker, Josh Peck, Josh Nichols, Miranda Cosgrove, Megan Parker, Bailee Madison, Mary Alice Johansson, Nancy Sullivan, Audrey Parker-Nichols, Jonathan Goldstein, Walter Nichols, Jerry Trainor, Crazy Steve, Yvette Nicole Brown, Helen, David Pressman, Officer Gilbert","Merry Christmas, Drake & Josh", Released,English,120400000.0,355012205.4,US,12/05/2008,2008-12-05,"['Drake Bell', 'Drake Parker', 'Josh Peck', 'Josh Nichols', 'Miranda Cosgrove', 'Megan Parker', 'Bailee Madison', 'Mary Alice Johansson', 'Nancy Sullivan', 'Audrey Parker-Nichols', 'Jonathan Goldstein', 'Walter Nichols', 'Jerry Trainor', 'Crazy Steve', 'Yvette Nicole Brown', 'Helen', 'David Pressman', 'Officer Gilbert']"
"Angus, Thongs and Perfect Snogging",07/25/2008 ,64.0,"Comedy, Drama, Family, Romance","Georgia Nicolson is fourteen, lives with nosey parents who don't understand her, an annoying three year old sister and has to wear a beret to school. She would, however, rather be blonde, have a smaller nose and a boyfriend. Revolving around her hilarious journal entries, prepare to be engulfed in the world of the soaring joys and bottomless angst of being a teenager.","Georgia Groome, Georgia, Eleanor Tomlinson, Jas, Aaron Taylor-Johnson, Robbie, Tommy Bastow, Dave the Laugh, Alan Davies, Bob Nicholson, Karen Taylor, Connie Nicholson, Liam Hess, Peter Dyer, Georgia Henshaw, Rosie, Manjeeven Grewal, Ellen","Angus, Thongs and Perfect Snogging", Released,English,43160000.0,14924998.0,US,07/25/2008,2008-07-25,"['Georgia Groome', 'Georgia', 'Eleanor Tomlinson', 'Jas', 'Aaron Taylor-Johnson', 'Robbie', 'Tommy Bastow', 'Dave the Laugh', 'Alan Davies', 'Bob Nicholson', 'Karen Taylor', 'Connie Nicholson', 'Liam Hess', 'Peter Dyer', 'Georgia Henshaw', 'Rosie', 'Manjeeven Grewal', 'Ellen']"
Chocolate,02/06/2008 ,73.0,"Action, Comedy, Crime","Zen, an autistic teenage girl with powerful martial arts skills, gets money to pay for her sick mother Zin's treatment by seeking out all the people who owe Zin money and making them pay.","JeeJa Yanin, Zen, Hiroshi Abe, Masashi, Pongpat Wachirabunjong, No. 8, Taphon Phopwandee, Mangmoom, Ammara Siripong, Zin, Dechawut Chuntakaro, Priscilla, Hiro Sano, Ryo, Aroon Wanatsabadeewong, Ice Factory Owner / Iceman, Anusuk Jangajit, Candy Shop Owner", ช็อคโกแลต, Released,Thai,76400000.0,519285160.6,TH,02/06/2008,2008-02-06,"['JeeJa Yanin', 'Zen', 'Hiroshi Abe', 'Masashi', 'Pongpat Wachirabunjong', 'No. 8', 'Taphon Phopwandee', 'Mangmoom', 'Ammara Siripong', 'Zin', 'Dechawut Chuntakaro', 'Priscilla', 'Hiro Sano', 'Ryo', 'Aroon Wanatsabadeewong', 'Ice Factory Owner / Iceman', 'Anusuk Jangajit', 'Candy Shop Owner']"
We Own the Night,02/28/2008 ,67.0,"Drama, Crime, Thriller",A New York nightclub manager tries to save his brother and father from Russian mafia hitmen.,"Joaquin Phoenix, Robert 'Bobby' Green, Mark Wahlberg, Cpt. Joseph 'Joe' Grusinsky, Eva Mendes, Amada Juarez, Robert Duvall, Dep. Chief Albert 'Burt' Grusinsky, Alex Veadov, Vadim Nezhinski, Paul Herman, Spiro Giavannis, Antoni Corone, Lt. Michael Solo, Tony Musante, Cpt. Jack Shapiro, Katie Condidorio, Hazel",We Own the Night, Released,English,28000000.0,55307857.0,AU,02/28/2008,2008-02-28,"['Joaquin Phoenix', ""Robert 'Bobby' Green"", 'Mark Wahlberg', ""Cpt. Joseph 'Joe' Grusinsky"", 'Eva Mendes', 'Amada Juarez', 'Robert Duvall', ""Dep. Chief Albert 'Burt' Grusinsky"", 'Alex Veadov', 'Vadim Nezhinski', 'Paul Herman', 'Spiro Giavannis', 'Antoni Corone', 'Lt. Michael Solo', 'Tony Musante', 'Cpt. Jack Shapiro', 'Katie Condidorio', 'Hazel']"
Hannah Montana & Miley Cyrus: Best of Both Worlds Concert,02/01/2008 ,60.0,"Documentary, Music","In this concert film, 'Hannah Montana' star Miley Cyrus performs a slew of hit songs, including 'Just Like You' and 'Life's What You Make It.'","Miley Cyrus, Self, Billy Ray Cyrus, Self, Nick Jonas, Self, Joe Jonas, Self, Kevin Jonas, Self, Kenny Ortega, Self - Tour Director, Candice King, Self - Background Singer, Teresa Espinosa, Self - Dancer, Mandy Jiroux, Self - Dancer",Hannah Montana & Miley Cyrus: Best of Both Worlds Concert, Released,English,7000000.0,70642966.0,US,02/01/2008,2008-02-01,"['Miley Cyrus', 'Self', 'Billy Ray Cyrus', 'Self', 'Nick Jonas', 'Self', 'Joe Jonas', 'Self', 'Kevin Jonas', 'Self', 'Kenny Ortega', 'Self - Tour Director', 'Candice King', 'Self - Background Singer', 'Teresa Espinosa', 'Self - Dancer', 'Mandy Jiroux', 'Self - Dancer']"
Tokyo Mater,11/21/2008 ,62.0,"Animation, Comedy, Family","A routine tow lands Mater in Tokyo, where he is challenged to a drift-style race against a nefarious gang leader and his posse of ninjas. With the help of his friend, 'Dragon' Lightning McQueen, and some special modifications, Mater attempts to drift to victory and become Tow-ke-O Mater, King of all Drifters.","Larry the Cable Guy, Mater (voice), Keith Ferguson, Lightning McQueen (voice), Elissa Knight, Tia (voice), Guido Quaroni, Guido (voice), Lori Alan, Additional Voices (voice), Mickie McGowan, Additional Voice Talent (voice), Danny Mann, Additional Voices (voice), Bob Scott, Additional Voice Talent (voice), Jess Harnell, Additional Voices (voice)",Tokyo Mater, Released,English,116000000.0,245087577.2,US,11/21/2008,2008-11-21,"['Larry the Cable Guy', 'Mater (voice)', 'Keith Ferguson', 'Lightning McQueen (voice)', 'Elissa Knight', 'Tia (voice)', 'Guido Quaroni', 'Guido (voice)', 'Lori Alan', 'Additional Voices (voice)', 'Mickie McGowan', 'Additional Voice Talent (voice)', 'Danny Mann', 'Additional Voices (voice)', 'Bob Scott', 'Additional Voice Talent (voice)', 'Jess Harnell', 'Additional Voices (voice)']"
Milk,11/05/2008 ,73.0,"History, Drama","The true story of Harvey Milk, the first openly gay man ever elected to public office. In San Francisco in the late 1970s, Harvey Milk becomes an activist for gay rights and inspires others to join him in his fight for equal rights that should be available to all Americans.","Sean Penn, Harvey Milk, Emile Hirsch, Cleve Jones, Josh Brolin, Dan White, Diego Luna, Jack Lira, James Franco, Scott Smith, Alison Pill, Anne Kronenberg, Victor Garber, Mayor Moscone, Denis O'Hare, John Briggs, Joseph Cross, Dick Pabich",Milk, Released,English,20000000.0,57293371.0,AU,11/05/2008,2008-11-05,"['Sean Penn', 'Harvey Milk', 'Emile Hirsch', 'Cleve Jones', 'Josh Brolin', 'Dan White', 'Diego Luna', 'Jack Lira', 'James Franco', 'Scott Smith', 'Alison Pill', 'Anne Kronenberg', 'Victor Garber', 'Mayor Moscone', ""Denis O'Hare"", 'John Briggs', 'Joseph Cross', 'Dick Pabich']"
The Librarian: The Curse of the Judas Chalice,10/25/2008 ,62.0,"Fantasy, Adventure, Comedy","While on a dangerous mission to recover the historic Judas Chalice, Flynn is saved by Simone. But when double-crossed by a respected professor and ambushed by a ruthless gang, Flynn realizes Simone's secret, his true mission and a shocking discovery are all lying within a decaying New Orleans crypt.","Noah Wyle, Flynn Carson, Stana Katic, Simone Renoir, Jane Curtin, Charlene, Bob Newhart, Judson, Bruce Davison, Professor Lazlo, Dikran Tulaine, Sergei Kubichek, Jason Douglas, Ivan, Beth Burvant, Katie, Aimée Spring Fortier, Student #1",The Librarian: The Curse of the Judas Chalice, Released,English,104000000.0,301396747.2,AU,10/25/2008,2008-10-25,"['Noah Wyle', 'Flynn Carson', 'Stana Katic', 'Simone Renoir', 'Jane Curtin', 'Charlene', 'Bob Newhart', 'Judson', 'Bruce Davison', 'Professor Lazlo', 'Dikran Tulaine', 'Sergei Kubichek', 'Jason Douglas', 'Ivan', 'Beth Burvant', 'Katie', 'Aimée Spring Fortier', 'Student #1']"
Vantage Point,02/01/2008 ,64.0,"Drama, Action, Thriller, Crime",The attempted assassination of the American president is told and re-told from several different perspectives.,"Dennis Quaid, Thomas Barnes, Matthew Fox, Kent Taylor, Forest Whitaker, Howard Lewis, Sigourney Weaver, Rex Brooks, William Hurt, President Ashton, Ayelet Zurer, Veronica, Edgar Ramírez, Javier, Eduardo Noriega, Enrique, Saïd Taghmaoui, Suarez",Vantage Point, Released,English,40000000.0,150886329.0,AU,02/01/2008,2008-02-01,"['Dennis Quaid', 'Thomas Barnes', 'Matthew Fox', 'Kent Taylor', 'Forest Whitaker', 'Howard Lewis', 'Sigourney Weaver', 'Rex Brooks', 'William Hurt', 'President Ashton', 'Ayelet Zurer', 'Veronica', 'Edgar Ramírez', 'Javier', 'Eduardo Noriega', 'Enrique', 'Saïd Taghmaoui', 'Suarez']"
XXY,03/16/2008 ,68.0,Drama,"Alex, an intersexed 15-year-old, is living as a girl, but she and her family begin to wonder whether she's emotionally a boy when another teenager's sexual advances bring the issue to a head. As Alex faces a final decision regarding her gender, she meets both hostility and compassion.","Inés Efrón, Alex, Martín Piroyansky, Álvaro, Ricardo Darín, Kraken, Valeria Bertuccelli, Suli, Germán Palacios, Ramiro, Guillermo Angelelli, Juan, César Troncoso, Washington, Jean Pierre Reguerraz, Esteban, Luciano Nóbile, Vando",XXY, Released,"Spanish, Castilian",54200004.0,2728869.0,AU,03/16/2008,2008-03-16,"['Inés Efrón', 'Alex', 'Martín Piroyansky', 'Álvaro', 'Ricardo Darín', 'Kraken', 'Valeria Bertuccelli', 'Suli', 'Germán Palacios', 'Ramiro', 'Guillermo Angelelli', 'Juan', 'César Troncoso', 'Washington', 'Jean Pierre Reguerraz', 'Esteban', 'Luciano Nóbile', 'Vando']"
Another Gay Sequel: Gays Gone Wild!,11/06/2008 ,59.0,"Comedy, Romance",Four university students head to Florida for spring break and enroll in a contest to see who can get the most sexual partners.,"Jonah Blechman, Nico, Jake Mosser, Andy Wilson, Aaron Michael Davies, Griff, Jimmy Clabots, Jarod, Euriamis Losada, Luis, Perez Hilton, Perez Hilton, RuPaul, Tyrell Tyrelle, Scott Thompson, Andy's Dad, Will Wikle, Jasper",Another Gay Sequel: Gays Gone Wild!, Released,English,75600000.0,360738075.2,US,11/06/2008,2008-11-06,"['Jonah Blechman', 'Nico', 'Jake Mosser', 'Andy Wilson', 'Aaron Michael Davies', 'Griff', 'Jimmy Clabots', 'Jarod', 'Euriamis Losada', 'Luis', 'Perez Hilton', 'Perez Hilton', 'RuPaul', 'Tyrell Tyrelle', 'Scott Thompson', ""Andy's Dad"", 'Will Wikle', 'Jasper']"
NYC: Tornado Terror,10/04/2008 ,54.0,"Drama, Action, Science Fiction, Thriller","An unexplained, local split in the atmosphere causes a series of total unpredictable, yet devastating tornadoes. Rookie fireman Brian Flynn gets trapped in the underground sewage with his girlfriend, deputy mayor James 'Jim' Lawrence and climatologist Dr. Cassie Lawrence's niece Lori. Mayor Leonardo of New York initially refuses to pay proper attention to the phenomenon, a 'reelection threat', so the alert status remains too low for long. Atypical lightning discovered inside tornadoes adds unprecedented dangers. The Lawrences and aeronautics renegade Dr. Lars Liggenhorn conceive a possible solution by launching rockets, but NASA's Dr. Quinn overrules them, imposing standard silver iodine.","Nicole de Boer, Dr. Cassie Lawrence, Sebastian Spence, James 'Jim' Lawrence, Jerry Wasserman, Mayor Leonardo, Winston Rekert, Dr. Lars Liggenhorn, Colby Johannson, Brian Flynn, Jill Morrison, Lucy, Matthew Harrison, Dr. Quinn, Paulo Ribeiro, Lefferts, Jennifer Copping, Maggie Flynn",NYC: Tornado Terror, Released,English,142800000.0,623397645.0,CA,10/04/2008,2008-10-04,"['Nicole de Boer', 'Dr. Cassie Lawrence', 'Sebastian Spence', ""James 'Jim' Lawrence"", 'Jerry Wasserman', 'Mayor Leonardo', 'Winston Rekert', 'Dr. Lars Liggenhorn', 'Colby Johannson', 'Brian Flynn', 'Jill Morrison', 'Lucy', 'Matthew Harrison', 'Dr. Quinn', 'Paulo Ribeiro', 'Lefferts', 'Jennifer Copping', 'Maggie Flynn']"
Pride and Glory,11/01/2008 ,64.0,"Crime, Drama, Mystery, Thriller","A saga centered on a multi-generational family of New York City Police officers. The family's moral codes are tested when Ray Tierney, investigates a case that reveals an incendiary police corruption scandal involving his own brother-in-law. For Ray, the truth is revelatory, a Pandora's Box that threatens to upend not only the Tierney legacy but the entire NYPD.","Edward Norton, Ray Tierney, Jon Voight, Francis Tierney, Sr., Colin Farrell, Jimmy Eagan, Noah Emmerich, Francis Tierney, Jr., Jennifer Ehle, Abby Tierney, John Ortiz, Ruben Santiago, Frank Grillo, Eddie Carbone, Shea Whigham, Kenny Dugan, Lake Bell, Megan Egan",Pride and Glory, Released,English,30000000.0,32262866.0,AU,11/01/2008,2008-11-01,"['Edward Norton', 'Ray Tierney', 'Jon Voight', 'Francis Tierney', 'Sr.', 'Colin Farrell', 'Jimmy Eagan', 'Noah Emmerich', 'Francis Tierney', 'Jr.', 'Jennifer Ehle', 'Abby Tierney', 'John Ortiz', 'Ruben Santiago', 'Frank Grillo', 'Eddie Carbone', 'Shea Whigham', 'Kenny Dugan', 'Lake Bell', 'Megan Egan']"
Southland Tales,04/30/2008 ,51.0,"Science Fiction, Thriller, Comedy","Set in the futuristic landscape of Los Angeles on July 4, 2008, as it stands on the brink of social, economic and environmental disaster. Boxer Santaros is an action star who's stricken with amnesia. His life intertwines with Krysta Now, an adult film star developing her own reality television project, and Ronald Taverner, a Hermosa Beach police officer who holds the key to a vast conspiracy.","Dwayne Johnson, Boxer Santaros / Jericho Cane, Seann William Scott, Roland Taverner / Ronald Taverner, Sarah Michelle Gellar, Krysta Kapowski / Krysta Now, Justin Timberlake, Private Pilot Abilene, Mandy Moore, Madeline Frost-Santaros, Will Sasso, Fortunio Balducci, Jon Lovitz, Bart Bookman, Beth Grant, Dr. Inga Von Westphalen, Jill Ritchie, Shoshana Kapowski",Southland Tales, Released,English,17000000.0,364607.0,AU,04/30/2008,2008-04-30,"['Dwayne Johnson', 'Boxer Santaros / Jericho Cane', 'Seann William Scott', 'Roland Taverner / Ronald Taverner', 'Sarah Michelle Gellar', 'Krysta Kapowski / Krysta Now', 'Justin Timberlake', 'Private Pilot Abilene', 'Mandy Moore', 'Madeline Frost-Santaros', 'Will Sasso', 'Fortunio Balducci', 'Jon Lovitz', 'Bart Bookman', 'Beth Grant', 'Dr. Inga Von Westphalen', 'Jill Ritchie', 'Shoshana Kapowski']"
The Red Baron,03/29/2008 ,66.0,"Action, Adventure, Drama, History, War","Richthofen goes off to war like thousands of other men. As fighter pilots, they become cult heroes for the soldiers on the battlefields. Marked by sportsmanlike conduct, technical exactitude and knightly propriety, they have their own code of honour. Before long he begins to understand that his hero status is deceptive. His love for Kate, a nurse, opens his eyes to the brutality of war.","Matthias Schweighöfer, Baron Manfred von Richthofen, Til Schweiger, Werner Voss, Lena Headey, Käthe, Joseph Fiennes, Captain Roy Brown, Volker Bruch, Lothar von Richthofen, Julie Engelbrecht, Ilse, Maxim Mehmet, Leutnant Sternberg, Steffen Schroeder, Leutnant Bodenschatz, Hanno Koffler, Leutnant Lehmann", Der rote Baron, Released,German,18000000.0,2783332.0,DE,03/29/2008,2008-03-29,"['Matthias Schweighöfer', 'Baron Manfred von Richthofen', 'Til Schweiger', 'Werner Voss', 'Lena Headey', 'Käthe', 'Joseph Fiennes', 'Captain Roy Brown', 'Volker Bruch', 'Lothar von Richthofen', 'Julie Engelbrecht', 'Ilse', 'Maxim Mehmet', 'Leutnant Sternberg', 'Steffen Schroeder', 'Leutnant Bodenschatz', 'Hanno Koffler', 'Leutnant Lehmann']"
The Love Guru,07/10/2008 ,42.0,"Comedy, Romance","Born in America and raised in an Indian ashram, Pitka returns to his native land to seek his fortune as a spiritualist and self-help expert. His skills are put to the test when he must get a brokenhearted hockey player's marriage back on track in time for the man to help his team win the Stanley Cup.","Mike Myers, Guru Pitka, Jessica Alba, Jane Bullard, Justin Timberlake, Jacques ""Le Coq"" Grandé, Romany Malco, Darren Roanoke, Meagan Good, Prudence, John Oliver, Dick Pants, Verne Troyer, Coach Punch Cherkov, Manu Narayan, Rajneesh, Stephen Colbert, Jay Kell",The Love Guru, Released,English,62000000.0,40159017.0,AU,07/10/2008,2008-07-10,"['Mike Myers', 'Guru Pitka', 'Jessica Alba', 'Jane Bullard', 'Justin Timberlake', 'Jacques ""Le Coq"" Grandé', 'Romany Malco', 'Darren Roanoke', 'Meagan Good', 'Prudence', 'John Oliver', 'Dick Pants', 'Verne Troyer', 'Coach Punch Cherkov', 'Manu Narayan', 'Rajneesh', 'Stephen Colbert', 'Jay Kell']"
